word,frequency,coverage,band,pos
find,219,119,1,VB
stock,12,7,2,NN
market,16,12,1,NN
data,1722,272,3,NNS
interest,86,46,1,NN
weka,1051,259,23,NN
analyse,111,63,3,NN
other,317,160,1,JJ
example,209,102,2,NN
suppose,28,22,1,NN
want,313,103,1,NN
day,48,20,1,NN
finance,5,4,2,NN
google,14,8,0,NN
goog,3,2,0,NN
period,34,17,2,NN
january,8,5,2,NN
december,4,3,2,NN
easy,109,75,1,JJ
go,1380,135,1,VB
http,5,5,0,NN
search,114,36,2,NN
click,160,62,4,NN
history,11,9,1,NN
specify,124,49,3,NN
time,447,152,1,NN
apply,289,113,2,VB
download,61,35,0,NN
get,1075,179,1,VB
csv,31,16,0,NN
file,272,82,2,NN
load,179,75,1,NN
enjoy,10,10,1,NN
avenue,2,2,4,NN
further,43,29,1,RB
investigate,26,21,2,NN
perform,332,120,2,NN
experiment,245,103,3,NN
good,252,108,1,JJ
model,375,90,2,NN
examine,48,32,2,NN
effect,45,33,2,NN
parameter,282,98,4,NN
change,256,95,1,NN
classifier,824,210,0,NN
preprocessing,22,14,0,VBG
technique,73,43,3,NN
window,67,38,1,NN
size,108,49,1,NN
one,728,219,1,CD
problem,170,97,1,NN
face,19,9,1,NN
develop,21,15,2,VB
know,237,120,1,VB
result,441,159,2,NN
enough,29,24,1,RB
practise,26,22,2,NN
experience,38,27,1,NN
correlate,85,28,3,NN
coefficient,49,19,5,NN
increase,75,46,2,NN
best,134,67,1,JJS
active,46,30,2,JJ
still,51,38,1,RB
long,48,39,1,RB
way,226,128,1,NN
another,134,73,1,DT
important,92,70,1,JJ
factor,20,11,3,NN
explore,189,92,3,NN
outlying,26,13,9,VBG
regress,209,53,4,NN
filter,444,107,3,NN
instance,1032,172,2,NN
make,350,156,1,VB
huge,25,20,1,JJ
difference,96,57,1,NN
course,291,133,1,NN
lift,4,4,1,NN
wizard,6,6,5,NN
level,77,45,1,NN
skill,4,4,2,NN
miner,364,123,3,NN
show,158,88,1,NN
popular,31,23,2,JJ
pack,250,75,1,NN
extend,15,14,2,NN
function,140,39,3,NN
follow,94,58,1,VB
learn,592,190,1,NN
forecast,71,22,3,NN
series,64,24,2,NN
stream,89,28,2,NN
connect,53,22,2,NN
r,160,26,0,NN
statistic,130,66,3,JJ
extensive,10,10,3,JJ
visual,105,55,3,JJ
script,128,30,4,NN
python,101,24,11,NN
within,39,23,1,IN
friend,5,5,1,NN
interface,160,68,4,NN
distribute,160,53,3,NN
job,64,24,1,NN
computer,135,83,1,NN
apache,14,8,0,NN
spark,119,21,4,NN
structure,45,32,3,NN
teach,11,8,1,NN
open,177,99,1,JJ
door,4,4,1,NN
enter,23,18,1,NN
chinese,5,5,0,JJ
proverb,5,5,7,NN
five,34,19,1,CD
week,225,92,1,NN
reach,33,18,1,NN
process,151,69,2,NN
add,220,87,1,VB
topic,26,21,2,NN
response,2,2,3,NN
demand,8,6,2,NN
end,142,96,1,NN
describe,28,25,2,NN
actual,263,95,1,JJ
necessary,43,36,1,JJ
relate,43,32,1,NN
infrared,14,9,7,VBN
soil,42,11,2,NN
sample,133,45,3,NN
signal,37,13,2,NN
peptide,30,9,8,NN
predict,447,107,3,NN
mri,22,9,0,NN
neuroimaging,13,7,0,VBG
image,72,18,2,NN
different,540,181,1,JJ
feature,118,35,2,NN
set,872,212,1,NN
challenge,54,29,2,NN
focus,21,16,3,NN
big,181,80,1,JJ
question,1071,164,1,NN
foretell,7,4,11,NN
future,53,22,2,NN
include,108,64,2,NN
hand,16,16,1,NN
address,15,14,1,NN
comprise,7,7,3,NN
minute,33,29,1,NN
video,160,63,1,NN
quiz,139,45,6,NN
ordinary,7,7,2,JJ
order,152,88,1,NN
answer,1053,115,1,NN
undertake,4,4,3,NN
practical,30,22,2,JJ
task,81,26,3,NN
watch,9,7,1,NN
talk,134,69,1,NN
thing,322,115,1,NN
give,315,141,1,VB
opportunity,6,6,2,NN
lot,140,72,1,NN
hear,10,9,1,NN
forget,31,24,1,NN
see,541,138,1,VB
remember,71,46,1,VB
understand,60,46,1,NN
confucius,6,6,0,NN
test,591,152,1,NN
surprise,33,29,1,NN
power,44,39,1,NN
linear,193,51,4,NN
lag,97,18,5,NN
vary,167,66,2,NN
cycle,17,9,3,NN
phenomenon,4,4,3,NN
become,23,21,1,NN
frustrate,7,6,2,NN
step,95,60,1,NN
involve,77,53,1,NN
such,51,35,1,JJ
manual,26,20,3,JJ
install,199,62,3,NN
airline,10,7,3,NN
passenger,14,5,3,NN
wine,12,5,1,NN
sale,8,7,2,NN
fortunate,20,19,1,NN
drink,2,2,1,NN
major,4,3,1,JJ
infer,5,5,4,NN
property,54,22,2,NN
right,109,68,1,NN
please,40,30,1,NN
take,296,121,1,VB
fill,17,14,1,NN
survey,6,6,3,NN
team,17,8,1,NN
lead,41,28,1,NN
educate,15,8,1,NN
ian,37,24,0,JJ
witten,15,12,0,NNS
appear,92,57,1,VB
geoff,5,5,0,NN
holmes,4,4,0,NNS
albert,6,6,0,NN
bifet,3,3,0,NN
bernhard,3,3,0,NN
pfahringer,3,3,0,NN
tony,4,4,0,NN
smith,4,4,0,NN
eibe,8,7,0,NN
frank,4,4,0,NN
pamela,5,4,0,NN
douglas,3,3,0,NNS
mark,21,14,1,NN
hall,4,4,1,NN
mike,4,4,0,NN
mayo,3,3,0,NN
peter,11,10,0,NN
reutemann,2,2,0,NN
david,2,2,0,NN
nichols,3,3,0,NNS
jemma,3,3,0,NN
k√∂nig,2,2,0,NN
product,25,18,2,NN
edit,61,33,2,NN
louise,3,3,0,NN
hutt,3,3,0,NN
caption,3,3,6,NN
jennifer,3,3,0,NN
whisler,3,3,0,NN
music,8,8,1,NN
improvise,1,1,5,NN
dizzy,1,1,5,NN
gillespie,1,1,0,NN
night,3,3,1,NN
tunisia,1,1,0,NN
support,128,37,1,NN
share,21,16,1,NN
difficult,24,21,1,JJ
solution,25,19,3,NN
class,960,165,1,NN
discuss,81,44,2,NN
transcript,5,4,4,NN
supply,26,19,2,NN
pdf,8,5,0,NN
slide,97,50,2,NN
downloaded,20,15,0,VBN
software,24,17,3,NN
require,39,22,2,NN
start,192,93,1,NN
free,11,9,1,JJ
run,466,138,1,VB
linux,14,13,0,NN
mac,17,13,0,NN
million,26,12,1,CD
world,40,29,1,NN
note,81,55,1,NN
depend,65,48,1,NN
system,85,50,1,NN
version,136,69,2,NN
administration,7,7,3,NN
access,69,44,2,NN
requisite,3,3,5,NN
knowledge,86,46,2,NN
complete,50,43,1,JJ
ready,13,11,1,JJ
fine,10,9,1,NN
groovy,47,10,13,NN
prior,12,8,3,RB
language,24,14,2,NN
configure,194,73,4,NN
component,59,23,3,NN
provide,57,38,2,NN
full,61,46,1,JJ
instruct,14,13,2,NN
resource,6,4,3,NN
sorted,13,9,2,VBN
index,73,43,3,NN
cover,52,31,1,NN
downloads,8,8,0,NNS
datasets,221,99,0,NNS
applestocks,2,2,0,NNS
sentiment,20,12,4,NN
dataset,973,210,0,NN
linearregression,90,21,0,NN
naivebayesmultinomial,37,14,0,JJ
oner,188,48,0,NN
randomforest,34,10,0,NN
reptree,16,3,0,NN
smoreg,34,6,0,NN
zeror,150,42,0,NN
metalearners,14,14,0,NNS
filteredclassifier,57,29,0,NN
addexpression,10,7,0,NN
copy,97,30,2,NN
remove,160,53,2,VB
removemisclassified,6,4,0,VBN
removerange,6,3,0,NN
resample,15,11,0,NN
timeseriestranslate,11,3,0,NN
timeseriesforecasting,2,2,0,VBG
plus,57,45,1,CC
downsampling,5,2,0,VBG
panel,230,94,3,NN
international,96,94,3,JJ
conf,13,2,0,NN
machine,215,94,1,NN
icml,2,2,0,NN
overlay,31,7,7,NN
row,47,21,2,NN
normal,49,25,1,JJ
smooth,15,10,2,NN
rogue,2,2,6,NN
gallery,2,2,3,NN
expert,22,14,3,NN
meet,10,8,1,NN
sorry,11,11,1,NN
really,186,93,1,RB
look,751,162,1,NN
particular,84,65,1,JJ
kind,132,72,1,NN
call,287,115,1,NN
attribute,1590,252,3,NN
typical,13,13,2,JJ
numeric,158,64,5,JJ
value,715,154,2,NN
evolve,11,6,3,NN
space,45,26,1,NN
regular,22,16,2,JJ
interval,4,4,4,NN
extrapolate,5,3,8,NN
ask,32,27,1,NN
bit,196,89,1,NN
mundane,2,2,6,NN
probably,251,82,1,RB
simple,243,108,1,NN
augment,3,2,6,NN
allow,72,56,1,VB
automate,4,4,5,NN
general,91,57,1,JJ
able,110,63,1,JJ
explain,80,53,1,NN
role,4,4,2,NN
work,211,102,1,NN
hour,12,8,1,NN
month,32,10,1,NN
year,56,24,1,NN
basis,14,13,2,NN
standard,147,59,2,NN
holdout,32,13,0,NN
method,433,153,3,NN
oh,4,4,0,NN
yes,267,72,1,NNS
perennial,2,2,6,NN
overfitting,73,33,0,VBG
detect,30,18,2,NN
continue,48,31,1,NN
real,61,46,1,JJ
imagine,22,17,1,NN
input,39,25,3,NN
sensor,4,2,5,NN
webcam,1,1,0,NN
twitter,14,7,9,NN
feed,6,6,1,NN
keep,27,19,1,VB
come,115,64,1,VB
inexorable,1,1,7,JJ
forever,2,2,0,RB
create,279,168,2,NN
maintain,4,4,2,NN
inspect,3,3,2,NN
new,319,184,1,JJ
limit,45,27,2,NN
potential,10,9,3,JJ
infinite,11,9,4,NN
deal,47,29,1,NN
first,346,141,1,RB
let,397,112,1,VB
clear,23,17,1,JJ
tackle,5,5,3,NN
win,46,30,1,NN
programme,51,32,1,NN
deploy,14,9,4,NN
affect,21,20,2,NN
introduce,39,34,2,NN
algorithm,261,94,5,NN
principle,22,21,3,NN
update,11,10,3,NN
independent,80,38,3,JJ
volume,10,9,3,NN
concern,8,8,1,NN
implement,77,46,3,NN
fast,86,39,1,NN
produce,220,91,2,NN
leave,95,48,1,VB
plenty,5,5,1,NN
decision,227,88,2,NN
tree,529,104,1,NN
force,12,10,1,NN
increment,64,22,6,NN
scratch,4,3,2,NN
arrive,7,6,1,JJ
possible,102,64,1,JJ
matter,15,14,1,NN
quick,43,32,1,NN
operate,70,52,2,NN
point,168,58,1,NN
overwhelm,7,7,3,NN
next,80,57,1,JJ
tend,20,14,1,NN
appropriate,62,45,3,NN
build,136,56,1,NN
entire,40,36,2,JJ
back,175,69,1,RB
begin,47,38,1,NN
evaluate,517,150,3,NN
trust,4,4,1,NN
place,48,32,1,NN
bioinformatics,9,7,23,NNS
raw,19,10,3,NN
dna,3,3,3,NN
high,112,57,1,JJ
modify,11,8,3,NN
compare,139,69,2,NN
moa,111,21,18,NN
massive,8,8,2,JJ
online,16,8,0,NN
contain,136,85,2,NN
design,23,19,2,NN
prequential,20,11,0,NN
adapt,21,10,2,NN
windowing,4,4,0,VBG
forest,44,12,1,NN
type,90,49,1,NN
covtypenorm,3,2,0,NN
nsw,1,1,0,NN
electric,8,5,2,JJ
elecnormnew,4,2,0,NN
cleave,44,4,6,NN
sigdata,1,1,0,NNS
hoeffdingadaptivetree,5,2,0,NN
hoeffdingoptiontree,3,2,0,NN
hoeffdingtree,19,8,0,NN
ibk,154,41,0,NN
majorityclass,1,1,0,NN
naivebayes,121,45,0,NNS
naivebayesupdateable,23,10,0,JJ
sgd,2,2,0,NN
stochastic,7,4,13,JJ
gradient,12,6,7,NN
descent,9,5,5,NN
sgdtext,5,3,0,NN
updateable,26,6,0,JJ
leveragingbag,14,2,0,NN
ozabag,12,5,0,NN
ozabagadwin,6,2,0,NN
stringtowordvector,52,21,0,NN
massiveonlineanalysis,3,3,0,NN
generator,49,27,5,NN
hyperplanegenerator,5,4,0,NN
ledgenerator,1,1,0,NN
randomrbfgenerator,2,2,0,NN
randomrbfgeneratordrift,3,2,0,NN
waveformgenerator,6,4,0,NN
kappa,45,8,0,NN
adwin,14,4,0,NN
bootstrap,4,3,13,NN
sequence,31,21,3,NN
java,103,33,0,NN
attempt,7,6,2,NN
dropdown,4,2,0,NN
menu,35,27,3,NN
top,107,54,1,NN
learnmodel,5,2,0,NN
default,266,112,5,NN
naive,374,62,5,JJ
bayes,380,64,0,NNS
button,67,36,2,NN
select,495,129,2,NN
organize,3,3,2,VB
same,376,157,1,JJ
datastream,1,1,0,NN
random,187,60,3,NN
correspond,60,36,3,NN
waveform,6,1,0,NN
generate,209,76,3,NN
combine,56,33,2,NN
number,552,149,1,NN
final,84,55,1,JJ
taskresultfile,1,1,0,NN
say,182,88,1,VB
output,252,83,3,NN
ok,72,35,1,NN
launch,3,3,3,NN
text,72,38,3,NN
centre,30,15,1,NN
case,196,89,1,NN
various,44,32,2,JJ
measure,72,45,2,NN
lower,28,25,2,JJR
concurrent,1,1,6,NN
two,320,142,1,CD
succession,5,4,3,NN
display,25,14,3,NN
inform,184,70,1,NN
line,276,61,1,NN
store,45,30,1,NN
hoeffding,108,13,0,VBG
disc,4,4,3,NN
accomplish,3,3,3,NN
evaluatemodel,5,2,0,NN
seed,75,30,2,NN
instancerandomseed,1,1,0,NN
read,44,27,1,NN
return,33,19,1,NN
main,35,25,1,JJ
clipboard,4,3,0,NN
trackpad,1,1,0,NN
tap,1,1,NNP,NN
paste,11,6,5,NN
command,99,34,2,NN
previous,86,61,2,JJ
recall,10,7,2,NN
phew,2,2,0,NN
libsvm,46,13,0,NN
liblinear,31,7,0,NN
source,42,24,3,NN
second,103,57,1,JJ
scheme,43,25,3,NN
offer,12,11,1,NN
eponymous,1,1,12,JJ
people,55,34,1,NNS
wide,33,16,1,JJ
available,56,33,2,JJ
core,16,11,3,NN
smo,129,35,0,NN
upcoming,3,3,8,VBG
lesson,171,82,2,NN
fact,105,67,1,NN
play,59,28,1,NN
fmri,8,5,0,NN
correct,1935,136,2,NN
partitionmembership,7,3,0,NN
help,75,52,1,NN
accurate,587,121,3,NN
alone,10,8,1,RB
better,263,117,1,RBR
consult,6,6,3,NN
special,13,9,1,JJ
brain,18,9,2,NN
study,11,11,1,NN
haxby,8,5,0,NN
repeat,119,57,2,NN
procedure,11,11,3,NN
subject,20,8,1,NN
amalgamate,1,1,8,NN
treat,27,16,1,NN
separate,73,47,2,JJ
maybe,49,37,1,RB
region,27,11,2,NN
voxels,6,4,0,NNS
message,21,15,2,NN
usual,38,29,1,JJ
small,157,78,1,JJ
part,132,56,1,NN
cpu,16,11,0,NN
diabetes,113,37,4,NNS
glass,108,32,1,NN
ionosphere,95,27,16,RB
iris,136,46,8,NN
logistics,101,21,6,NNS
mlrclassifier,6,5,0,NN
multinom,1,1,0,NN
rferns,7,3,0,NNS
rpart,9,3,0,NN
classificationviaregression,3,2,0,NN
gridsearch,24,9,0,NN
oneclassclassifier,9,3,0,NN
removeuseless,9,6,0,NN
replacemissingwithuserconstant,2,2,0,NN
niftiloader,1,1,0,NN
rplugin,7,6,0,NN
library,74,19,2,NN
analogue,2,2,8,NN
fastica,15,3,0,NN
kernlab,3,2,0,NN
lle,6,2,0,NN
mlbench,3,2,0,NN
mlr,42,7,0,NN
mexicanhat,2,2,0,NNS
knowledgeflow,14,11,0,VB
arffloader,7,6,0,NN
classassigner,2,2,0,NN
classifierperformanceevaluator,3,2,0,NN
crossvalidationfoldmaker,4,3,0,NN
rscriptexecutor,11,6,0,NN
scatterplotmatrix,3,2,0,NN
textviewer,17,10,0,NN
boxplot,5,2,0,NN
cor,2,2,0,NN
cov,3,2,0,NN
hist,3,3,18,NN
iqr,9,2,0,NN
kurtosis,7,2,18,NN
quantile,3,2,22,NN
sapply,3,2,0,NN
sd,2,2,0,NN
skewness,7,2,0,NN
summary,48,34,3,NN
table,28,12,1,NN
aes,15,3,0,NN
ggplot,11,3,0,NN
melt,3,2,2,NN
xlim,4,3,0,NN
c,88,26,0,NNS
ylim,2,2,0,NN
cbind,4,2,0,NN
ncol,4,2,0,NN
chind,1,1,0,NN
cmdscale,4,2,0,NN
prcurve,3,2,0,NN
attention,4,4,2,NN
deficit,2,2,3,NN
hyperactive,2,2,9,NN
disorder,3,3,3,NN
adhd,4,4,0,NN
environment,57,28,2,NN
classification,360,136,4,NN
radial,2,2,8,NN
rbf,8,4,0,NN
kernel,44,13,8,NNS
frankly,1,1,2,RB
obtain,55,36,3,VB
precede,21,18,3,NN
amaze,9,6,1,NN
train,581,144,1,NN
error,407,86,3,NN
remain,25,19,2,NN
pretty,89,59,1,RB
impress,7,7,2,NN
base,100,53,1,NN
worse,101,43,1,JJR
rest,17,15,1,NN
luck,9,8,1,NN
stand,10,9,1,NN
identify,34,23,2,VB
occur,40,26,2,NN
respective,40,25,3,NN
declare,3,2,3,NN
circumstance,8,8,2,NN
success,58,43,2,NN
abound,3,3,6,NN
own,36,33,1,JJ
mechanism,8,7,3,NN
mode,29,14,3,NN
left,31,24,1,NN
setup,15,9,0,NN
advance,34,27,2,NN
framework,25,7,3,NN
goal,16,11,2,NN
idea,48,38,1,NN
break,7,4,1,NN
parallel,19,16,3,NN
flow,83,29,2,NN
single,80,58,1,JJ
desktop,21,13,0,NN
individual,41,31,2,JJ
node,93,32,5,NN
improve,89,52,2,VB
stay,10,9,1,NN
deteriorate,10,7,4,NN
significant,135,33,3,JJ
amount,36,25,1,NN
partition,62,9,6,NN
reduce,90,45,2,VB
likely,45,29,2,JJ
issue,30,22,1,NN
match,8,3,2,NN
hardware,2,2,4,NN
NNS,4,4,nodes,NN
cluster,250,40,3,NN
memory,49,23,2,NN
consistent,4,4,3,NN
fit,22,14,1,NN
hypothyroidism,25,7,14,NN
jrip,54,13,0,NN
colorlayout,3,2,0,NN
edgehistogram,3,3,0,NN
gabor,1,1,0,NN
removetype,6,3,0,NN
distributedwekabase,4,4,0,NN
distributedwekaspark,6,4,0,NN
imagefilters,8,4,0,NNS
arffheadersparkjob,23,10,0,NN
correlationmatrixsparkjob,3,2,0,NN
csvsaver,3,2,0,NN
imageviewer,5,3,0,NN
kmeansclusterersparkjob,3,2,0,NN
randomlyshuffledatasparkjob,11,6,0,NN
wekaclassifiersparkjob,12,5,0,NN
wekaclassifierevaluationsparkjob,6,5,0,NN
hadoop,40,10,0,NN
principal,14,8,3,NN
execute,54,27,3,NN
similar,40,29,2,JJ
interact,23,15,3,NN
tedious,6,5,7,JJ
alternative,31,24,3,NN
human,10,7,1,NN
typed,4,4,5,NNS
immediate,8,5,2,NN
cool,21,15,1,NN
avoid,16,14,2,NN
sure,73,42,1,NN
ensure,16,15,3,VB
bitness,1,1,0,NN
undergo,1,1,3,NN
drama,5,5,2,NN
underneath,16,12,1,NN
hood,1,1,4,NN
osx,4,3,0,NN
confuse,60,26,2,NN
matrix,117,34,4,NN
plot,235,49,3,NN
multiple,41,28,3,NN
roc,64,22,0,NN
curve,101,32,3,NN
idrc,4,4,0,NN
shootout,4,4,0,NN
calibrate,10,4,7,NN
label,70,29,3,NN
speak,6,5,1,NN
comment,14,11,2,NN
write,45,25,1,NN
spectre,6,4,6,NN
last,175,91,1,JJ
live,15,8,1,JJ
area,67,29,1,NN
choose,228,98,1,NN
rule,454,52,1,NN
home,12,10,1,NN
page,17,9,1,NN
discover,18,12,1,NN
collect,27,23,1,NN
round,39,24,1,NN
globe,2,2,5,NN
suggest,19,16,1,NN
local,21,11,1,JJ
close,57,34,1,RB
weight,129,29,1,NN
lwl,9,4,0,NN
stump,1,1,5,NN
basic,68,36,1,JJ
gaussian,5,4,0,JJ
hunger,1,1,1,NN
neighbour,56,17,1,NN
hello,66,61,1,NN
farewell,9,6,5,NN
thank,8,7,1,NN
hope,34,30,1,NN
aim,18,15,3,NN
claim,7,6,2,NN
subtle,8,8,3,NN
sophisticated,16,14,3,JJ
think,297,129,1,NN
struggle,4,4,2,NN
view,25,15,1,NN
welcome,29,29,2,NN
tell,76,52,1,NN
benefit,11,11,2,NN
anneal,13,8,13,NN
bodyfat,3,3,0,NN
bayesnet,10,6,0,NN
gaussianprocesses,4,3,0,NNS
addnoise,9,5,0,NN
discretize,31,15,0,VB
jfreechartoffscreenrenderer,4,4,0,NN
kfgroovy,2,2,0,NN
tigerjython,6,3,0,NN
datasource,10,6,0,NN
o,10,6,0,NN
chartfactory,6,2,0,NN
chartpanel,4,2,0,NN
chartutilities,1,1,0,NNS
defaultxydataset,2,1,0,NN
defaultxyzdataset,3,2,0,NN
graphvisualizer,3,2,0,NN
jframe,2,1,0,NN
plotorientation,2,1,0,NN
thresholdcurve,5,3,0,NN
treevisualizer,4,2,0,NN
xybubblerenderer,2,2,0,NN
convert,43,25,3,NN
jvm,16,5,0,NN
import,41,11,3,NN
ethics,14,8,4,NNS
kaggle,8,3,0,NN
NN,14,10,python,NN
manage,29,19,1,NN
compatible,3,3,4,JJ
archive,1,1,4,JJ
temporary,3,3,3,JJ
folder,33,14,6,NN
pc,1,1,0,NN
control,14,13,1,NN
name,92,55,1,NN
envpane,1,1,0,NN
prefer,12,10,2,NN
three,173,78,1,CD
outputting,10,7,0,VBG
draw,17,16,1,NN
graph,60,21,4,NN
six,11,9,1,CD
law,3,3,1,NN
pass,27,15,1,NN
legal,11,8,2,JJ
rely,43,20,2,RB
millilitre,7,2,5,NN
save,59,34,1,VB
conflict,3,3,3,NN
nation,1,1,1,NN
avert,1,1,6,NN
translate,17,6,3,NN
cybersecurity,1,1,0,NN
defence,1,1,2,NN
life,19,16,1,NN
diagnosis,4,3,4,NN
intervene,1,1,3,NN
recommend,9,7,2,NN
country,3,2,1,NN
hdi,1,1,0,NN
reflect,51,46,3,NN
promise,24,16,1,NN
admit,2,2,1,NN
sense,14,13,1,NN
zealand,151,116,0,NN
equivalent,25,16,3,NN
embark,3,3,5,NN
remind,5,5,2,NN
formal,4,4,3,JJ
professor,3,3,3,NN
university,121,102,2,NN
waikato,110,100,0,NN
grow,21,13,1,NN
northern,5,4,2,JJ
ireland,4,4,0,NN
cambridge,5,4,0,NN
essex,3,3,0,NN
england,3,3,0,NN
calgary,5,4,0,NN
canada,5,5,0,NN
move,25,18,1,NN
paradise,3,3,5,NN
aka,6,6,0,NN
oil,12,5,1,NN
economy,12,7,2,NN
social,5,5,2,JJ
politics,5,5,2,NNS
revolution,8,4,3,NN
far,68,55,1,RB
outshine,3,3,12,NN
glad,3,3,1,NN
sort,32,23,1,NN
reply,6,3,1,NN
diverse,10,5,3,NN
background,4,4,2,NN
locate,20,13,2,NN
join,14,10,1,NN
absolute,33,16,1,NN
fascinate,3,3,2,NN
pink,3,3,2,NN
icon,3,3,5,NN
specific,33,27,2,JJ
futurelearn,9,9,0,NN
define,38,25,3,NN
classify,237,102,4,NN
tweet,25,10,14,NN
category,27,19,3,NN
positive,99,27,2,JJ
negative,80,30,3,JJ
feel,10,10,1,NN
complex,53,37,3,JJ
apart,5,5,1,RB
polar,4,3,4,NN
JJ,14,13,positive,NN
distinct,18,10,3,NN
dollar,2,2,2,NN
true,143,66,1,JJ
detail,50,37,2,NN
nevertheless,7,6,3,RB
underway,3,3,6,RB
arise,3,3,3,NN
vector,73,22,6,NN
flexible,4,4,3,JJ
norm,3,2,4,NN
console,41,17,4,NN
tiny,13,11,2,JJ
facility,13,9,3,NN
numerous,2,2,3,JJ
comprehensive,6,6,3,NN
capable,14,12,2,JJ
encounter,10,9,3,NN
distinguish,9,9,3,NN
b,171,32,0,NN
vice,2,2,3,NN
versa,2,2,13,NN
obvious,19,14,1,JJ
extension,3,2,3,NN
etc,9,7,3,NN
common,28,22,2,JJ
weird,6,5,2,NN
sheep,4,2,2,NN
goat,1,1,4,NN
whereas,38,30,2,NNS
try,184,92,1,NN
consider,29,22,1,VB
anomaly,5,4,5,NN
novelty,1,1,6,NN
status,3,3,3,NN
nuclear,1,1,3,JJ
plant,5,3,1,NN
few,92,53,1,JJ
situation,29,21,1,NN
accompany,5,5,3,NN
late,45,30,1,RB
post,10,6,1,NN
figure,74,43,1,NN
else,26,19,1,RB
community,6,6,2,NN
acquaint,1,1,4,NN
fellow,17,17,1,NN
broad,5,4,2,JJ
concept,12,9,3,NN
invite,9,9,2,NN
dream,1,1,1,NN
brief,11,10,2,NN
colleague,7,7,3,NN
map,30,15,2,NN
arrange,3,3,1,NN
check,73,37,1,NN
option,179,75,2,NN
rms,14,2,0,NNS
hold,29,21,1,NN
feedback,736,87,0,NN
reason,58,38,1,NN
disparity,2,1,6,NN
represent,70,35,2,NN
due,13,10,2,JJ
large,163,88,1,JJ
overfitted,9,4,0,VBN
seem,25,20,1,NN
overfits,28,4,0,NNS
certain,51,38,1,JJ
fundamental,6,4,3,JJ
assumption,20,10,3,NN
decrease,26,18,3,NN
choice,14,13,1,NN
strong,15,9,1,JJ
conceive,2,2,3,NN
overfit,11,10,0,NN
present,21,18,1,NN
degree,18,3,1,NN
indicate,36,23,2,NN
substantial,14,7,3,JJ
sum,48,24,3,NN
term,37,30,1,NN
constant,11,9,2,JJ
custom,5,4,3,NN
length,29,12,2,NN
minimum,45,26,3,NN
maximum,34,24,2,NN
turn,53,38,1,NN
customise,6,5,7,NN
box,50,23,1,NN
great,95,47,1,JJ
current,41,23,2,JJ
little,189,92,1,JJ
slight,77,47,1,NN
unit,10,6,2,NN
estimate,99,34,3,NN
august,5,1,2,NN
june,4,2,2,NN
july,10,1,2,NN
october,1,1,2,NN
september,1,1,2,NN
oppose,4,4,2,NN
tab,28,19,6,NN
mean,231,80,1,NN
criteria,11,6,3,NNS
root,42,18,2,NN
square,71,29,1,NN
state,23,16,1,NN
agree,9,5,1,NN
equal,74,28,2,JJ
relative,8,5,3,NN
exceed,8,6,3,NN
punish,2,1,2,NN
severe,2,1,3,JJ
red,55,21,1,JJ
worth,26,16,1,NN
date,37,14,1,NN
superfluous,2,1,9,JJ
eliminate,12,7,3,NN
uncheck,4,3,0,NN
tune,10,5,2,NN
transform,33,16,3,NN
exact,105,58,1,NN
somewhat,9,4,2,RB
target,18,7,3,NN
trivial,8,6,5,JJ
list,105,48,1,NN
arff,108,38,0,NN
nir,5,2,0,NN
device,10,4,3,NN
wave,5,3,1,NN
band,7,3,2,NN
purpose,20,14,2,NN
concentrate,5,4,2,NN
organic,10,3,3,JJ
carbon,6,3,3,NN
iso,2,1,0,NN
organicnitrogen,2,1,0,NN
organiccarbon,2,1,0,NN
miss,85,32,1,NN
wet,11,3,1,NN
chemistry,11,4,4,NN
refer,26,19,2,NN
removewithvalues,9,6,0,NNS
benchmarking,2,2,14,NN
achieve,84,36,3,NN
slow,37,18,1,VB
record,49,25,1,NN
benchmark,11,5,7,NN
accelerate,2,2,3,NN
loss,7,5,2,NN
delay,6,3,3,NN
wish,3,3,1,NN
notice,15,12,1,NN
downsampled,11,1,0,VBN
original,105,41,2,JJ
speed,14,13,2,NN
half,21,15,1,NN
construct,15,13,3,NN
waveband,1,1,0,NN
scatter,7,6,3,NN
baseline,66,25,0,NN
susceptible,2,2,5,JJ
derive,12,10,3,NN
tool,28,21,2,NN
prominent,1,1,3,NN
side,31,15,1,NN
replace,49,20,2,VB
genre,1,1,4,NN
alter,8,7,2,NN
across,10,8,1,IN
po,24,4,0,NN
neg,9,2,0,NN
according,34,29,2,VBG
smiley,2,2,0,NN
word,94,28,1,NN
hard,40,30,1,JJ
multinomial,69,16,23,NN
manipulate,4,3,3,NN
rate,112,32,1,NN
corrupt,9,8,3,NN
encourage,9,8,2,NN
pressure,3,3,2,NN
boss,10,4,2,NN
cheat,77,21,2,NN
maxiterations,4,2,0,NNS
lure,2,2,5,NN
lucrative,3,3,6,JJ
bonus,3,3,4,NN
anti,8,2,11,NN
hero,8,2,2,NN
fear,4,2,1,NN
smell,2,2,1,NN
rat,2,2,2,NN
care,21,18,1,NN
calculate,73,34,2,NN
samplesizepercent,6,2,0,NN
restore,10,9,3,NN
noreplacement,5,3,0,NN
false,60,24,3,JJ
CD,45,18,4995,NN
yield,43,23,3,NN
phenomenal,4,4,7,NN
discrepancy,7,6,5,NN
hit,6,5,1,NN
plan,3,3,1,NN
suit,22,18,1,NN
desire,7,7,2,NN
attrindex,2,1,0,NN
nominalindices,2,1,0,NNS
append,8,4,8,NN
decide,26,15,1,NN
integer,12,9,10,NN
url,15,5,18,NN
love,14,4,1,NN
happy,15,7,1,JJ
lol,12,2,0,NN
awesome,12,2,6,NN
congratulate,8,6,4,NN
express,20,18,1,NN
msec,1,1,0,NN
preprocess,82,40,0,NN
zone,6,2,3,NN
account,41,25,2,NN
newdate,13,2,0,NN
old,18,16,1,JJ
disabled,3,3,3,JJ
filtertype,2,1,0,NN
wrong,32,20,1,JJ
instancerange,4,1,0,NN
attributeindices,4,1,0,NNS
perfect,12,10,1,NN
zero,30,16,1,NN
average,42,32,2,JJ
delete,73,30,5,NN
instancesindices,3,1,0,NNS
prevent,5,5,2,NN
suppress,4,4,4,NN
section,20,8,2,NN
happen,74,42,1,VB
scenario,6,5,4,NN
randomrbf,2,2,0,NN
per,13,11,2,IN
deviate,89,22,5,NN
determine,119,59,2,NN
offset,2,2,4,NN
overall,68,23,3,JJ
scale,7,6,2,NN
basicclassificationperformanceevaluator,11,5,0,NN
majority,69,18,3,NN
mc,1,1,0,NN
scroll,7,7,6,NN
precise,21,14,3,NN
bag,65,19,1,NN
speedchange,1,1,0,NN
centroid,5,4,0,NN
tentative,1,1,5,NN
branch,64,24,2,NN
prepare,25,21,1,NN
switch,20,14,2,NN
theoretical,13,7,3,JJ
guarantee,5,4,2,NN
substitute,1,1,3,NN
subtrees,3,3,0,NNS
arfffilestream,3,2,0,NN
filename,20,10,0,NN
arfffile,1,1,0,NN
field,24,18,1,NN
early,22,19,1,RB
pathname,3,3,0,NN
samplefrequency,1,1,0,NN
lever,4,2,4,NN
minor,66,6,2,NN
balance,8,6,2,NN
naivebayesmultinomialtext,5,2,0,NN
string,56,20,2,NN
automatic,25,19,2,JJ
incorporate,10,10,3,NN
iterate,33,15,8,NN
svm,5,3,0,NN
epoch,4,2,8,NN
percent,164,56,2,NN
split,228,67,2,NN
versus,42,30,3,NN
log,22,11,2,NN
idftransform,1,1,0,NN
tftransform,1,1,0,NN
oops,2,2,0,NNS
solve,14,14,3,NN
attributenameprefix,1,1,0,NN
insert,5,4,3,NN
signify,4,4,5,NN
evaluateprequential,5,3,0,JJ
superficial,2,2,5,JJ
proportion,17,12,3,NN
nothing,27,17,1,NN
temporal,4,1,5,JJ
dependence,5,2,4,NN
autocorrelation,1,1,17,NN
exhibit,7,5,3,NN
risk,6,5,2,NN
drop,17,7,1,NN
mathematics,24,14,2,NNS
p,15,7,0,NN
reveal,7,6,3,NN
fair,29,25,1,NN
tight,5,5,1,NN
position,28,7,1,NN
residue,24,2,4,NN
context,17,13,3,NN
site,39,5,2,NN
len,8,1,0,NN
omit,8,4,4,NN
negligible,1,1,7,JJ
biology,7,2,4,NN
believe,6,6,1,VB
physicochemical,4,2,0,JJ
physical,4,3,2,JJ
amino,18,3,7,NN
acid,19,3,4,NN
gain,37,16,2,NN
analogous,2,2,6,JJ
observe,9,8,2,NN
margin,15,7,3,NN
four,63,42,1,CD
ignore,32,21,2,NN
perspicacious,2,1,18,JJ
character,10,4,2,NN
assess,17,17,3,NN
reset,5,5,8,NN
form,31,23,1,NN
activate,2,1,4,NN
stamp,1,1,2,NN
impute,1,1,10,NN
via,8,7,3,IN
interpolate,11,4,11,NN
weekend,6,2,0,NN
put,74,44,1,NN
skip,6,3,4,NN
reconfigure,2,2,0,NN
nitrogen,11,2,5,NN
industry,5,5,2,NN
plsclassifier,2,1,0,NN
partialleastsquares,1,1,0,NNS
wait,13,12,1,NN
terminate,5,4,4,NN
distance,21,9,2,NN
retain,8,7,3,NN
windowsize,2,2,0,NN
pool,1,1,2,NN
duh,1,1,0,NN
guess,21,12,1,NN
kdtree,1,1,0,NN
x,120,26,0,NN
metre,14,11,2,NN
cell,3,2,3,NN
service,5,3,1,NN
paper,13,9,1,NN
conservative,1,1,3,JJ
crossvalidation,1,1,0,NN
bet,4,4,1,NN
hyperplane,9,4,0,NN
meta,25,17,17,NN
australian,3,3,0,JJ
south,1,1,1,NN
wale,1,1,0,NN
price,5,3,1,NN
wrap,75,25,2,NN
equipment,6,5,2,NN
consist,6,6,3,NN
efficient,11,9,3,NN
travel,1,1,1,NN
path,15,6,2,NN
contribute,15,14,2,NN
condition,27,10,2,NN
supervise,102,44,3,NN
oversampled,1,1,0,VBN
oversampling,4,1,0,VBG
ensemble,37,16,5,JJ
nest,2,2,2,JJS
roll,5,2,1,NN
external,2,2,3,JJ
evaluateperiodicheldouttest,3,2,0,NN
snapshot,2,2,7,NN
frequency,33,12,3,NN
interleave,2,2,15,NN
bottom,35,29,1,NN
gui,7,7,0,NN
graphic,15,13,3,JJ
blue,29,17,1,NN
outperform,71,21,10,NN
convention,5,3,3,NN
odd,2,1,1,NN
jump,1,1,1,NN
jagged,3,3,7,NN
windowclassificationperformanceevaluator,1,1,0,NN
histogram,24,9,13,NN
dense,23,4,3,NN
rdata,30,7,0,NN
petallength,36,9,0,NN
peak,14,6,3,NN
granularity,1,1,0,NN
adjust,11,8,3,NN
binwidth,3,1,0,NN
colour,53,16,1,NN
bin,79,12,2,NN
polygon,7,2,11,NN
argue,16,5,2,NN
alpha,3,2,4,NN
obscure,6,5,4,NN
imprecision,1,1,0,NN
y,42,16,0,NN
petalwidth,40,10,0,NN
contour,3,1,6,NN
overlap,20,6,4,NN
nice,29,19,1,JJ
legend,4,2,3,NN
rectify,2,2,7,VB
logarithm,8,4,11,NN
trans,1,1,8,NNS
bright,3,2,1,NN
pixel,2,2,7,NN
overlayed,1,1,0,NNS
lie,6,5,1,NN
dimension,26,12,3,NN
transparent,3,3,5,NN
rectangle,19,5,5,NN
boundary,155,31,3,NN
scatterplot,3,3,0,NN
grey,11,7,1,NN
confidence,52,15,3,NN
multivariate,2,2,9,NN
spline,1,1,18,NN
mar,3,1,6,NN
famous,6,4,2,JJ
hinge,2,1,5,NN
differ,16,10,3,NN
artificial,11,10,4,JJ
natively,1,1,0,RB
multinominal,1,1,0,NN
standardizes,1,1,0,NNS
internal,28,22,3,JJ
confound,1,1,7,NN
conjunction,4,2,6,NN
fix,6,5,1,NN
heuristics,1,1,16,NNS
k,47,17,0,NN
numfeatures,1,1,0,NNS
mtry,1,1,0,NN
ntree,1,1,0,JJ
reverse,5,4,3,NN
gini,3,2,0,NN
indeed,9,8,1,RB
metalearner,3,3,0,NN
ica,3,2,0,NN
relevant,24,18,3,NN
classic,12,11,2,JJ
multidimensional,1,1,11,NN
dist,1,1,0,NN
num,8,2,0,NN
pca,5,3,0,NN
kpca,2,1,0,NN
rbfdot,2,1,0,NN
sigma,2,2,8,NN
rotate,1,1,4,NN
kpar,1,1,0,NN
nominal,100,51,5,JJ
uncompress,1,1,0,NN
browse,4,3,6,NN
format,60,28,3,NN
informatics,1,1,0,NNS
technology,15,11,2,NN
initiate,1,1,3,NN
nifti,4,2,0,NN
object,30,14,2,NN
bottle,4,2,1,NN
cup,4,3,1,NN
dog,2,1,1,NN
house,5,3,1,NN
scissors,4,2,6,NNS
scrambledpix,5,2,0,NN
whole,63,43,1,JJ
cat,4,3,1,NN
chair,4,2,1,NN
shoe,2,2,1,NN
navigate,1,1,4,NN
niftidirectoryloader,1,1,0,NN
directed,33,13,2,VBN
crash,6,2,2,NN
stack,13,5,4,NN
megabyte,4,3,8,NN
virtual,12,9,3,JJ
underscore,4,4,8,NN
aside,7,7,2,RB
validate,12,9,4,NN
cortex,1,1,8,NN
enormous,5,5,2,JJ
fraction,8,6,4,NN
informative,6,5,6,JJ
voxel,1,1,0,NN
essential,9,9,3,JJ
assume,30,22,2,VB
approximate,20,14,3,NN
population,13,6,2,NN
expect,61,39,1,VB
vast,6,6,3,NN
sound,20,14,1,NN
extreme,20,16,2,NN
disappoint,11,10,2,NN
excel,7,3,6,NN
excess,3,3,3,NN
optimise,77,26,6,NN
deceive,1,1,6,NN
exclude,6,6,3,NN
yay,1,1,0,NN
taint,4,2,7,NN
bummer,4,2,15,NN
setosas,9,4,0,NN
versicolors,5,4,0,NNS
virginicas,3,3,0,NN
ideal,5,5,3,NN
setosa,21,4,0,NN
svmtype,1,1,0,NN
handle,31,19,1,NN
multivalued,2,1,0,VBN
dumb,1,1,5,NN
total,89,36,1,JJ
remainder,2,2,5,NN
deem,2,2,4,NN
divide,59,30,2,NN
judge,8,7,1,NN
intent,1,1,2,NN
rhetoric,4,3,4,NN
plain,12,8,2,NN
sensible,9,8,3,JJ
targetclasslabel,1,1,0,NN
press,6,6,1,NN
preserve,9,7,3,NN
host,4,3,3,NN
frame,15,4,2,NN
median,7,1,5,NN
quartile,7,1,14,NN
rconsole,2,2,0,NN
plas,18,5,24,NNS
preg,12,3,0,NN
pres,19,2,7,NNS
skin,8,2,1,NN
insu,10,2,0,NN
mass,9,3,2,NN
pedi,9,3,0,NN
age,56,14,1,NN
interquartile,6,1,0,NN
range,42,23,2,NN
robust,4,4,5,NN
disperse,1,1,4,NN
contrast,2,2,3,NN
heavy,2,2,1,JJ
influence,8,7,2,NN
extract,21,11,3,NN
column,64,27,3,NN
NNP,11,9,,NN
VBP,2,2,,NN
rank,20,9,3,NN
receive,3,3,2,NN
bounds,1,1,4,NNS
whisker,2,1,8,NN
beyond,5,5,1,IN
extent,1,1,3,NN
percentiles,4,1,12,NNS
covariance,5,2,11,NN
peakedness,1,1,0,NN
flat,4,3,1,JJ
session,1,1,3,NN
template,26,15,7,NN
belong,26,17,2,NN
report,10,8,1,NN
stratify,32,9,7,NN
shuffle,12,4,5,NN
rdd,6,5,0,NN
numrandomlyshuffledsplits,1,1,0,NNS
extra,15,11,1,JJ
sufficient,10,9,3,NN
randomseed,3,2,0,NN
numiterations,3,3,0,NNS
initial,30,16,3,JJ
routine,1,1,3,NN
initwithrandomcentroids,3,1,0,NNS
sex,9,7,1,NN
sick,1,1,1,NN
tbg,5,1,0,NN
noise,23,8,1,NN
imagefilter,2,2,JJ,NN
gaborfilter,2,2,0,NN
imagedirectory,1,1,0,NN
ihw,2,2,wekafiles,NN
tie,12,7,1,NN
misclassifications,14,6,0,NNS
plane,5,3,2,NN
car,10,6,1,NN
misclassification,3,3,0,NN
infogainattributeeval,1,1,0,NN
ranker,14,4,0,NN
edge,17,5,1,NN
dominate,1,1,3,NN
trains,5,1,NNS,NNS
shape,20,12,1,NN
originate,1,1,4,NN
uk,2,1,0,NN
mit,2,1,0,NN
california,3,1,0,NN
berkeley,3,1,0,NN
yahoo,4,1,12,NN
inspire,1,1,3,NN
mppf,1,1,0,NN
datashard,1,1,0,NN
lack,3,2,2,NN
mapreduce,1,1,0,NN
bigtable,1,1,0,JJ
advantage,26,16,2,NN
hint,21,11,3,NN
internet,14,10,1,NN
embed,10,5,5,NN
low,25,12,1,JJ
resilience,5,4,6,NN
especially,7,7,1,RB
header,49,12,8,NN
parse,5,3,9,NN
block,8,5,2,NN
integrity,5,5,4,NN
noheaderrow,1,1,0,NN
verify,13,10,4,NN
inputfile,4,3,0,NN
forgo,1,1,6,NN
direct,11,10,2,JJ
attributenames,2,2,0,NNS
sepallength,23,8,0,NN
sepalwidth,24,8,0,NN
attributenamesfile,2,2,0,NN
outputheaderfilename,2,2,0,NN
count,43,27,1,NN
effective,21,18,3,JJ
printclassifiers,1,1,0,NNS
evenly,8,5,4,RB
mininputslices,3,2,0,NNS
quality,5,5,2,NN
compact,4,2,4,NN
sync,1,1,12,NN
request,1,1,3,NN
aggregate,11,6,5,NN
stem,4,3,3,NN
filterstouse,2,1,0,NN
genericarrayeditor,4,1,0,NN
corner,12,7,1,NN
dialogue,13,8,3,NN
bubble,16,5,4,JJ
setoptions,3,3,0,NNS
screen,9,7,2,NN
cope,3,3,2,NN
jython,34,12,0,NN
green,28,11,1,JJ
l,11,5,0,NN
lime,1,1,5,NN
threshold,42,20,4,NN
classindex,14,1,0,NN
indent,6,2,8,NN
code,55,16,3,NN
cross,14,8,1,NN
print,69,20,2,NN
rise,3,2,1,NN
fall,10,8,1,NN
jfreechart,13,7,0,NN
ab,2,1,0,NN
receiver,3,3,3,NN
characteristic,6,6,3,JJ
network,57,15,3,NN
dot,9,6,4,NN
json,2,1,0,NN
xmlbif,3,1,0,NN
readbif,1,1,0,NN
matplotlib,4,2,0,NN
plotly,1,1,0,RB
pyqtgraph,1,1,0,NN
mention,17,15,1,NN
module,13,4,3,NN
intend,9,8,2,NN
document,113,29,3,NN
communicate,8,5,3,NN
javabridge,3,2,0,NN
jep,1,1,0,NN
jpype,1,1,0,NN
cl,4,3,0,NN
heapsize,1,1,0,NN
jar,1,1,4,NN
link,15,9,3,NN
web,18,13,1,NN
dictionary,7,4,4,JJ
numpy,5,3,0,NN
array,7,5,4,NN
inordinate,1,1,9,NN
capitalise,1,1,6,NN
annoy,1,1,2,NN
cal,2,1,0,JJ
pain,4,4,1,NN
feasible,2,2,5,JJ
attributeselectionmethod,1,1,0,NN
eliminatecolinearattributes,1,1,0,NNS
considerable,3,3,3,JJ
satisfy,12,6,2,NN
diagonal,9,6,6,NN
stop,28,19,1,NN
heap,6,2,2,NN
overflow,1,1,0,NN
allocate,3,2,3,NN
portable,1,1,6,JJ
resemble,3,1,3,JJ
bad,44,21,1,JJ
absurd,1,1,4,NN
knn,19,4,0,NN
replicate,12,8,5,NN
linearnnsearch,2,1,0,NN
rbfkernel,2,1,0,NN
feelin,2,2,0,NN
println,12,2,0,NN
leaf,31,11,4,NN
loop,17,10,4,NN
decay,2,1,4,NN
steady,3,3,2,JJ
thereafter,2,2,5,RB
valid,2,2,3,JJ
retrieve,11,7,4,NN
element,11,7,3,NN
comma,11,5,9,NN
separator,3,2,0,NN
stable,13,9,2,JJ
rival,2,2,3,NN
cost,164,26,1,NN
gamma,14,2,7,NN
ri,21,6,0,NN
na,14,5,0,NNS
milligram,22,9,4,NN
al,34,7,0,NN
si,11,6,0,NN
ca,16,9,0,MD
ba,15,6,0,NN
fe,13,6,0,NN
simultaneous,1,1,3,JJ
aesthetic,6,2,4,JJ
wind,31,10,1,NN
float,6,4,2,NN
vehic,2,1,0,JJ
tableware,5,3,0,NN
headlamp,6,4,0,NN
learnerparams,2,2,0,NNS
et,2,2,4,NN
eight,3,2,1,CD
makeindicator,3,3,0,NN
vote,35,20,2,NN
attributeselectedclassifier,33,13,0,NN
slice,3,2,3,NN
vehicle,2,2,2,NN
misclassified,22,8,0,VBN
mergetwovalues,1,1,0,NNS
edgehistogramfilter,3,2,0,NN
null,11,7,7,NN
plaintext,10,5,0,NN
alongside,4,3,3,RB
autocolorcorrelogramfilter,1,1,0,NN
binarypatternspyramidfilter,1,1,0,NN
colorlayoutfilter,3,3,0,NN
fcthfilter,1,1,0,NN
fuzzyopponenthistogramfilter,1,1,0,NN
jpegcoefficientfilter,1,1,0,NN
phogfilter,2,1,0,NN
simplecolorhistogramfilter,1,1,0,NN
blank,6,5,2,NN
outcome,15,8,3,NN
piece,20,10,1,NN
item,24,12,2,NN
enclose,2,1,4,VB
bracket,14,6,5,NN
arrow,6,5,4,NN
del,5,1,0,NN
tuple,5,1,18,NN
parenthesis,4,3,10,NN
likeness,3,3,3,NN
tuples,1,1,0,NNS
key,27,20,1,NN
pair,11,7,1,NN
curl,3,3,2,NN
z,19,3,0,NN
javadoc,31,11,0,NN
exist,23,17,2,NN
traceback,1,1,0,NN
recent,10,8,1,JJ
attributeerror,1,1,0,NN
elegant,3,3,4,NN
buildclassifier,6,2,0,NN
discretizing,9,6,0,VBG
otherwise,20,13,2,RB
content,7,7,3,NN
environ,1,1,0,NN
makeclassifier,1,1,0,NN
analogy,8,5,5,NN
buildclusterer,1,1,0,NN
classifyinstance,3,2,0,NN
clusterinstance,5,1,0,NN
labelindex,4,1,0,NN
inst,4,1,0,NN
overview,2,2,5,NN
int,1,1,0,NN
numfolds,1,1,0,NNS
fname,5,1,0,NN
couple,54,37,1,NN
giveaway,1,1,0,NN
clusterers,9,6,0,NNS
variety,3,3,3,NN
article,72,19,2,NN
interpret,28,25,3,NN
beware,2,2,6,NN
science,26,23,1,NN
batch,11,8,5,NN
drift,7,5,3,NN
sister,1,1,1,NN
convey,7,7,3,NN
earn,6,6,2,NN
certificate,12,6,4,NN
score,11,10,2,NN
upgrade,14,8,4,NN
pace,6,6,3,NN
eligible,6,6,4,JJ
prove,8,8,2,NN
svms,9,3,0,NN
enable,13,12,3,JJ
layer,78,8,3,NN
workflow,4,3,0,NN
diagnose,1,1,4,NN
plugin,8,4,0,NN
chain,6,3,2,NN
fold,66,23,2,NN
miscellaneous,4,3,9,JJ
invoke,20,16,4,NN
reproduce,2,2,3,NN
visualization,4,4,0,NN
bring,10,10,1,NN
universe,9,8,3,NN
ethical,23,10,4,JJ
competition,27,5,2,NN
goodbye,13,13,1,NN
workbench,12,8,0,NN
bird,13,9,1,NN
island,6,3,1,NN
bunch,35,22,2,NN
associate,68,27,2,NN
moment,21,15,1,NN
sit,6,6,1,NN
middle,10,9,1,NN
north,7,5,1,NN
familiar,7,7,2,JJ
reinitialize,1,1,0,VB
stuff,28,19,1,NN
dash,7,3,4,NN
timeline,2,1,0,NN
undershoot,1,1,0,NN
propagate,5,2,6,NN
yellow,8,2,1,NN
finish,37,29,1,NN
hide,52,8,1,NN
timestamp,4,2,0,NN
morning,3,3,1,NN
afternoon,1,1,1,NN
override,2,2,5,NN
tire,1,1,1,NN
apple,3,1,2,NN
wekafiles,1,1,0,NNS
closed,7,5,1,VBD
holiday,2,2,1,NN
exchange,1,1,2,NN
complaint,1,1,3,NN
axis,26,9,5,NN
wonder,6,6,1,NN
today,18,15,1,NN
academy,1,1,3,NN
confer,4,2,3,NN
publish,4,3,3,NN
author,2,2,3,NN
kiri,2,1,0,NN
wagstaff,1,1,0,NN
jet,1,1,3,NN
propulsion,1,1,9,NN
laboratory,3,2,2,NN
pasadena,1,1,0,NN
highlight,4,3,3,NN
phase,12,4,3,NN
potassium,4,2,7,NN
tradition,1,1,2,NN
forth,6,6,2,NN
portion,4,3,3,NN
bank,4,3,1,NN
send,8,3,1,NN
signature,3,1,4,NN
wavelength,3,1,0,NN
nanometre,2,1,14,NN
amplitude,1,1,8,NN
spectrum,3,2,4,NN
hundred,7,5,1,VBN
cheap,3,2,1,NN
expensive,9,7,1,JJ
decent,1,1,2,NN
bother,2,2,1,NN
farm,4,2,1,NN
spectra,2,2,8,NN
millisecond,5,3,10,NN
short,10,9,1,JJ
prime,4,4,2,NN
respond,1,1,3,NN
bear,3,3,1,NN
mind,4,4,1,NN
tweak,4,4,8,NN
appetite,1,1,5,NN
serious,4,4,1,JJ
ancient,1,1,3,NN
incidental,2,2,5,NN
horizontal,16,8,4,NN
fun,6,4,1,NN
billion,5,3,1,CD
seconds,12,7,2,NNS
leap,4,2,2,NN
nuisance,6,5,5,NN
straight,29,17,1,NN
subtract,6,5,7,NN
terrific,1,1,5,NN
crazy,5,3,1,NN
pattern,33,15,2,NN
addclassification,13,10,0,NN
black,8,6,1,JJ
boring,3,3,1,NN
equation,11,4,3,NN
paradigm,1,1,5,NN
excite,3,3,1,NN
pitfall,10,8,7,NN
eyeballing,1,1,0,VBG
annual,2,2,3,JJ
season,2,2,2,NN
quarter,3,3,1,NN
convenient,9,7,4,NN
rough,11,9,1,NN
ado,1,1,11,NN
proper,13,11,1,NN
cube,1,1,4,NN
complicate,33,23,2,NN
invertselection,1,1,0,NN
multifilter,9,6,0,NN
fantastic,6,6,2,JJ
gap,4,2,3,NN
cubed,1,1,11,NN
reserve,3,3,2,NN
solid,1,1,2,JJ
toward,12,6,1,IN
dip,2,1,4,NN
double,5,5,1,RB
wary,3,3,5,JJ
query,6,3,5,NN
public,5,4,1,NN
api,8,6,0,NN
approach,17,12,2,NN
emoticon,6,2,25,NN
company,5,5,1,NN
corpus,1,1,6,NN
student,3,3,1,NN
stanford,1,1,0,NN
april,1,1,2,NN
biological,4,2,3,JJ
nucleotide,2,1,10,RB
gene,3,1,3,NN
protein,16,2,3,NN
latter,2,2,3,NN
fresh,13,8,1,JJ
school,1,1,1,NN
messenger,1,1,5,NN
rna,1,1,7,NN
polypeptide,1,1,13,NN
transport,2,1,3,NN
membrane,3,2,5,NN
translocate,1,1,14,NN
channel,10,5,2,NNS
letter,7,3,1,NN
methionine,1,1,16,NN
alanine,2,1,18,NN
serine,1,1,18,NN
mature,2,2,3,NN
survive,3,2,2,NN
domain,9,6,4,NN
advertise,1,1,1,NN
hoc,1,1,12,NN
upstream,10,2,7,NN
downstream,4,3,0,NN
frequent,10,7,3,NN
spreadsheet,16,4,6,NN
pop,2,2,1,NN
enlarge,1,1,4,NN
shallow,1,1,4,NN
sparse,37,6,6,NN
ata,1,1,0,NNS
underlie,3,3,3,NN
dice,7,1,5,NN
game,4,4,1,NN
toss,6,2,3,NN
coin,8,2,3,NN
head,7,6,1,NN
tail,2,2,1,NN
unique,2,2,3,NN
telltale,1,1,0,NN
sign,5,4,1,NN
poor,3,3,1,JJ
fruitful,1,1,7,NN
capture,6,3,3,NN
molecule,4,1,3,NN
diagram,6,5,4,NN
g,16,5,0,NN
v,17,5,0,NN
exploit,5,4,3,NN
water,3,2,1,NN
hydrophobic,3,1,14,NN
venn,1,1,0,NN
hydrophilic,1,1,19,NN
charge,9,1,1,NN
stick,4,4,1,NN
adjacent,2,2,4,NN
hydrophobicity,4,1,0,NN
hydropath,1,1,25,NN
hydophobicity,1,1,0,NN
chart,12,3,3,NN
holy,1,1,3,NN
smoke,1,1,1,NN
discriminate,17,9,3,NN
spurious,1,1,9,JJ
collaborate,4,4,3,NN
seek,11,8,2,NN
advice,4,4,2,NN
member,6,6,1,NN
group,13,9,1,NN
telecom,2,2,4,NN
paristech,1,1,0,NN
paris,1,1,0,NN
france,1,1,0,NN
analytics,1,1,0,NNS
updateableclassifier,3,2,0,NN
propose,3,3,2,NN
pedro,1,1,0,NN
domingo,1,1,0,NN
bind,8,6,2,NN
adam,2,1,0,NN
meka,2,1,0,NN
engine,3,2,1,NN
ecosystem,2,2,6,NN
samoa,2,1,0,NN
storm,1,1,2,NN
samza,1,1,0,NN
nowadays,4,3,5,NNS
flink,1,1,0,NN
native,4,3,2,JJ
flight,3,3,2,NN
extinct,1,1,5,NN
picture,21,13,1,NN
kiwi,2,2,9,NN
person,20,9,1,NN
webpage,2,1,0,NN
release,8,6,2,NN
evaluateperiodicheldout,1,1,0,NN
evolution,1,1,3,NN
zoom,4,4,6,NN
department,9,6,2,NN
consumption,4,2,3,NN
evening,1,1,1,VBG
nighttime,1,1,0,NN
summer,1,1,1,NN
winter,1,1,1,NN
zika,1,1,0,NN
virus,1,1,3,NN
trend,2,2,3,NN
rugby,1,1,6,NN
die,4,3,1,NN
implicit,8,6,4,NN
explicit,14,10,3,NN
literature,3,2,3,NN
monitor,5,3,3,NN
cut,3,3,1,NN
discard,5,5,4,NN
heuristic,10,6,11,JJ
worry,10,9,1,NN
exponential,1,1,9,JJ
compress,2,2,4,NN
imply,6,5,3,NN
official,1,1,2,NN
utmost,1,1,7,NN
oriented,1,1,3,VBN
attach,6,6,2,NN
boost,16,6,3,NN
oza,1,1,0,NN
russell,1,1,0,NN
genius,1,1,4,NN
insight,2,1,3,NN
binomial,2,1,14,NN
poisson,4,1,0,NN
behaviour,3,3,3,NN
simulate,3,3,4,NN
geometry,2,1,4,NN
upper,12,8,2,JJ
multiply,20,12,4,NN
halve,1,1,6,NN
primary,1,1,3,NN
enhance,4,4,3,NN
differentiate,2,2,4,NN
transparency,3,1,7,NN
massage,2,2,5,NN
ndata,4,1,0,NNS
flower,3,2,1,NN
grid,10,4,4,NN
facet,4,1,6,NN
subplots,1,1,0,NNS
tilde,2,1,23,NN
swap,2,2,5,NN
vertical,11,6,4,JJ
Eibe,1,1,Documents,NN
taste,1,1,1,NN
bundle,2,1,4,NN
cart,2,2,2,NN
scene,5,5,2,NN
transfer,2,2,2,NN
ordinal,1,1,14,JJ
rlearner,1,1,0,NN
fern,14,2,6,NN
fond,1,1,4,NN
intrigue,1,1,4,NN
restrict,8,7,3,NN
deep,28,8,1,NN
chance,22,16,1,NN
integrate,3,2,3,NN
usage,4,4,5,NN
formula,19,11,3,NN
canvas,5,5,4,NN
incoming,2,1,0,VBG
decompose,4,3,7,NN
perspective,5,2,3,NN
tick,1,1,4,NN
convenience,3,3,4,NN
plausible,1,1,5,JJ
hypothesis,24,6,3,NN
preprocessed,1,1,0,VBN
assign,26,11,3,NN
assigner,5,2,0,NN
strict,3,3,3,NN
aspect,4,4,3,NN
ucla,2,2,0,NN
semel,1,1,0,NN
institute,2,2,3,NN
scan,5,3,3,JJ
event,8,4,2,NN
global,7,6,3,JJ
td,2,2,0,NN
demography,9,6,4,NN
participant,3,3,3,NN
participate,3,2,3,VB
freesurfer,1,1,0,NN
parcellation,1,1,0,NN
cortical,2,1,11,JJ
smri,1,1,0,NN
pairwise,4,3,0,NN
homogeneity,1,1,10,NN
perceptron,34,12,0,NN
importance,7,6,3,NN
inclusion,1,1,4,NN
redundant,19,11,5,NN
degrade,1,1,5,NN
vetting,1,1,9,VBG
lunch,5,3,1,NN
theorem,13,8,8,NN
inductive,1,1,11,JJ
bias,11,8,3,NN
priori,1,1,15,NN
exercise,8,7,2,NN
kindly,2,2,2,RB
accommodate,1,1,3,NN
drive,7,3,1,NN
halfway,7,3,0,NN
expense,3,3,2,NN
boundaryvisualizer,1,1,0,NN
satisfactory,2,2,4,NN
multiplicative,1,1,0,NN
coordinate,5,2,3,NN
minimise,17,11,4,NN
trick,14,12,2,NN
furthermore,5,5,3,RB
administrator,1,1,3,NN
accept,10,5,1,NN
english,2,2,0,JJ
licence,91,91,2,NN
unselect,1,1,0,JJ
shortcut,13,6,10,NN
rjava,4,1,0,NN
serve,4,4,1,NN
binary,53,16,6,NN
colon,2,2,6,NN
refresh,8,8,4,NN
cache,1,1,8,NN
jd,1,1,0,NN
touch,8,8,1,NN
tem,1,1,0,NN
plate,1,1,2,NN
heat,2,2,1,NN
magnitude,2,2,4,NN
fashion,7,6,2,NN
magic,11,9,2,NN
overhead,2,1,4,NN
outweigh,2,2,6,NN
standalone,4,3,0,NN
website,6,5,0,NN
downloading,3,3,0,VBG
mesos,1,1,0,NN
yarn,1,1,6,NN
blog,3,3,14,NN
concise,2,1,8,NN
entirety,2,2,8,NN
tutor,1,1,4,NN
demonstrate,12,11,3,NN
recognition,12,2,3,NN
sunflower,1,1,9,NN
monarch,3,1,4,NN
butterfly,3,1,4,NN
owl,3,1,4,NN
orange,1,1,1,NN
white,2,2,1,JJ
straightforward,8,5,4,NN
imageFilter,1,1,NNP,NN
layout,5,4,0,NN
direction,5,5,2,NN
architect,1,1,3,NN
pentaho,2,2,0,NN
corporate,2,2,3,JJ
ram,3,2,4,NN
offline,1,1,0,NN
conquer,6,5,5,NN
shortly,2,2,3,RB
platform,3,3,3,NN
flavour,6,4,3,NN
disjoint,3,3,0,NN
aware,6,6,1,JJ
intermediate,7,3,5,NN
orchestrate,1,1,7,NN
failure,3,2,3,NN
abort,1,1,3,NN
fail,2,2,2,NN
stage,7,7,1,NN
exception,9,7,3,NN
distributewekaspark,1,1,0,NN
proceed,1,1,3,NN
palette,1,1,6,NN
bar,11,10,1,NN
entry,13,5,3,NN
prefix,1,1,11,NN
uci,5,3,0,NN
repository,1,1,7,NN
thyroid,1,1,8,NN
disease,4,2,2,NN
patient,5,3,2,NN
medical,4,3,2,JJ
distributedWekaSpark,1,1,sample_data,NN
patients,3,2,3,NNS
spend,7,7,1,NN
facilitate,1,1,3,NN
reside,1,1,3,NN
chunk,3,3,4,NN
dump,1,1,2,NN
sparkcontext,1,1,0,NN
steroid,1,1,6,NN
entitle,4,3,3,NN
suffice,2,2,6,NN
preconfigured,1,1,0,VBN
masterhost,1,1,0,NN
master,3,2,1,NN
asterisk,2,2,11,NN
masterport,1,1,0,NN
port,1,1,2,NN
listen,6,4,1,NN
logic,3,2,3,NN
headerless,1,1,0,NN
pathtoexistingheader,1,1,0,NN
realise,7,7,1,NN
regenerate,1,1,6,NN
succeed,1,1,3,VB
trigger,1,1,3,NN
description,6,6,3,NN
wekaclassifiersparkjobs,1,1,0,NN
serial,1,1,5,JJ
opt,1,1,4,NN
pick,9,9,1,NN
additively,1,1,0,RB
identical,7,7,4,JJ
route,1,1,3,NN
hdfs,1,1,0,NN
sparkoutput,1,1,0,NN
subfolders,1,1,0,NNS
beneficial,3,2,4,JJ
reducer,1,1,0,NN
metadata,1,1,17,NNS
respect,5,5,2,NN
pure,29,7,2,NN
scipy,1,1,0,NN
algebra,1,1,8,NN
wiki,1,1,18,NN
mix,6,3,2,NN
compile,2,2,4,NN
fire,6,3,1,NN
thin,1,1,2,NN
superclass,1,1,0,NN
pythonic,1,1,0,NN
lowercase,2,2,19,NN
camel,1,1,6,NN
crossvalidatemodel,2,2,0,NN
presume,2,2,2,NN
visit,4,4,1,NN
classpath,4,3,0,NN
instantiate,7,4,13,NN
title,7,5,2,NN
shut,1,1,1,NN
exit,2,1,4,NN
auc,7,7,0,NN
council,1,1,2,NN
spectroscopy,2,1,10,NN
submit,12,4,3,NN
beat,5,3,1,NN
kf,1,1,0,NN
chooser,4,4,0,NN
grammar,1,1,5,NN
def,1,1,0,NN
syntax,3,3,8,NN
triple,1,1,5,NN
quote,13,9,2,NN
closure,1,1,4,NN
lambda,1,1,0,NN
anonymous,1,1,4,JJ
funk,1,1,7,NN
upto,2,1,0,NN
dive,1,1,2,NN
cast,1,1,2,NN
distributionforinstance,2,2,0,NN
ofimports,1,1,0,NNS
xy,4,2,0,NN
iterator,1,1,0,NN
axe,8,6,4,NN
visible,1,1,3,JJ
profession,1,1,2,NN
con,1,1,4,NN
theory,9,4,3,NN
apis,3,1,0,NN
sole,3,3,3,NN
ten,21,8,1,NNS
wekamooc,3,2,0,NN
collapse,1,1,3,NN
triangle,2,2,4,NN
debug,4,2,12,NN
breakpoints,1,1,0,NNS
font,1,1,7,NN
toggle,3,2,11,NN
incremented,1,1,0,VBN
wekaexample,1,1,0,NN
appendix,1,1,5,NN
abbreviate,1,1,7,NN
d,1,1,0,NN
utilise,3,3,4,NN
slash,1,1,5,NN
push,3,2,1,NN
tan,1,1,5,NN
sail,3,2,1,NN
coast,1,1,2,NN
beauty,2,2,1,NN
yacht,1,1,5,NN
beulah,1,1,0,NN
guy,7,6,1,NN
ground,6,4,1,NN
latent,3,3,6,NN
semantic,3,3,5,JJ
afraid,1,1,1,NN
enlighten,1,1,4,VB
emphasise,3,3,3,NN
vital,1,1,3,NN
thread,1,1,4,NN
carry,13,9,1,NN
money,6,3,1,NN
ai,1,1,0,NN
depot,1,1,5,NN
relevance,1,1,4,NN
recruit,1,1,3,NN
airbnb,1,1,0,NN
telstra,1,1,0,NN
yelp,1,1,9,NN
ocean,1,1,3,NN
ship,1,1,1,NN
logbook,1,1,0,NN
salary,1,1,2,NN
san,2,1,0,NN
francisco,2,1,0,NN
crime,8,3,1,NN
phrase,1,1,3,NN
interview,3,2,2,NN
news,7,5,1,NN
consume,2,1,3,NN
disseminate,1,1,6,NN
habit,1,1,2,NN
privacy,6,4,2,NN
flare,1,1,5,NN
rare,3,3,2,NN
accord,2,2,6,NN
business,6,3,1,NN
overzealous,1,1,0,JJ
destroy,2,2,2,NN
brand,1,1,2,NN
meanwhile,1,1,3,RB
numattributes,2,1,0,NNS
setclassindex,1,1,0,NN
tosummarystring,1,1,0,VBG
boolean,2,1,14,NN
polymorphism,1,1,13,NN
hence,2,2,3,NN
tomatrixstring,1,1,0,VBG
hardly,2,2,1,RB
strip,5,2,2,NN
excellent,6,6,2,NN
VBN,1,1,test,NN
equalheadersmessage,1,1,0,NN
hyphen,1,1,11,NN
u,1,1,0,NN
regressor,2,2,0,NN
bubblerenderer,1,1,0,NN
radius,2,2,6,NN
empty,7,4,1,JJ
minus,14,9,2,NN
renderer,2,1,0,NN
optimal,7,5,5,JJ
story,4,4,1,NN
xyzdataset,1,1,0,NN
nestle,1,1,7,RB
plateau,1,1,6,NN
sweet,1,1,1,NN
unpruned,20,6,0,JJ
parent,7,7,1,NN
bif,1,1,0,NN
bayesian,1,1,0,NN
interchange,1,1,6,NN
nz,2,2,0,NN
cc,89,89,0,NN
commons,89,89,8,NNS
accumulate,2,2,3,NN
weather,81,40,1,NN
prolific,1,1,7,NN
constitute,1,1,3,NN
truth,2,2,1,NN
lock,1,1,1,NN
ingredient,2,2,3,NN
prequentially,1,1,0,RB
shrink,1,1,4,NN
irony,2,2,3,NN
visualizer,22,11,0,NN
reimplementing,1,1,0,VBG
recomputed,1,1,0,VBN
strategy,23,19,3,NN
parallelized,1,1,0,VBN
diffuse,1,1,5,NN
tough,3,3,2,JJ
attract,2,2,2,NN
prize,1,1,3,NN
urge,4,4,3,NN
conduct,1,1,3,NN
dispel,3,3,7,NN
mystery,7,6,2,NN
surround,8,8,2,NN
purchase,6,4,2,NN
oliver,1,1,0,NN
mozart,2,2,0,NN
divertimento,1,1,21,NN
allegro,1,1,16,NN
woodside,1,1,0,NN
clarinet,2,2,8,NN
paul,1,1,0,NN
king,2,2,1,NN
sarah,2,2,0,NN
shieff,2,2,0,NN
contact,1,1,2,NN
lens,1,1,4,NNS
simplelogistic,7,4,0,JJ
regard,14,9,2,NN
illustrate,7,6,2,NN
whirlwind,1,1,9,NN
tour,1,1,2,NN
swift,1,1,4,NN
inevitable,1,1,3,JJ
subsequent,3,3,3,NN
preview,2,2,6,NN
vm,2,2,0,NN
unchecks,1,1,0,NNS
mistake,6,5,1,NN
database,21,8,3,NN
flaw,4,4,4,NN
conundrum,2,2,10,NN
fool,4,4,2,NN
mystify,2,2,8,NN
nightmare,2,2,4,NN
tomorrow,4,4,1,NN
scrollable,2,2,0,JJ
userclassifier,15,8,0,NN
uninstall,4,2,0,NN
progress,6,5,2,NN
ascend,2,2,5,NN
descend,2,2,3,NN
predate,2,2,10,NN
simplicity,11,7,5,NN
theme,2,2,3,NN
simplistic,1,1,7,JJ
warn,1,1,2,NN
comprehend,2,2,4,NN
gist,3,3,10,NN
modern,6,5,2,JJ
gory,3,3,11,NN
automotive,1,1,8,JJ
engineer,7,4,2,NN
blind,5,3,2,NN
embarrass,1,1,2,NN
venerable,2,2,8,JJ
contemporary,1,1,3,JJ
labour,4,4,2,NN
decisionstump,17,3,0,NN
stackingc,2,2,0,NN
addid,5,3,0,NN
nominaltobinary,7,4,0,JJ
numerictonominal,11,7,0,JJ
contrabassoon,3,2,0,NN
sceptic,9,8,4,JJ
sensitive,8,7,3,JJ
manner,3,3,2,NN
leastmedsq,6,2,0,NN
principalcomponents,2,2,0,NNS
replacemissingvalues,3,2,0,NNS
leastmedsquared,2,2,0,VBN
reidentification,5,3,0,NN
utility,1,1,3,NN
schedule,1,1,2,NN
fuel,1,1,3,NN
inventory,1,1,5,NN
brainstorm,1,1,10,NN
partner,8,7,2,NN
sibling,6,6,5,VBG
kid,6,6,1,NN
sing,2,1,1,VBG
song,1,1,1,NN
mountain,1,1,1,NN
sea,1,1,1,NN
manufacture,2,2,3,NN
fraud,1,1,4,NN
intrusion,1,1,6,NN
customer,10,4,2,NN
segment,7,7,3,NN
surveillance,2,2,5,NN
research,11,5,2,NN
tip,4,4,2,NN
kick,3,3,1,NN
recognize,5,5,2,VB
macs,2,2,14,NN
secure,5,4,1,NN
app,1,1,0,NN
safe,5,4,1,JJ
convince,3,3,2,NN
terrible,3,3,1,JJ
ha,3,3,0,NN
institution,2,2,3,NN
firewall,2,2,0,NN
password,3,3,7,NN
hmmm,3,3,0,NN
proxy,2,1,7,NN
mumbo,1,1,17,NN
jumbo,1,1,9,NN
waste,5,2,1,NN
obsess,2,2,4,NN
applause,1,1,5,NN
mere,3,3,3,RB
doubt,1,1,1,NN
patience,2,2,4,NN
trouble,5,5,1,NN
benjamin,1,1,0,NN
whichcote,1,1,0,NN
moral,3,3,3,JJ
religious,2,2,3,JJ
aphorism,1,1,12,NN
material,3,3,2,NN
abstract,4,3,3,NN
evidence,17,6,2,NN
posterior,1,1,8,NN
yikes,2,2,0,NNS
cathartic,1,1,13,JJ
authority,1,1,3,NN
astigmatic,8,2,16,JJ
categorical,3,2,7,JJ
young,4,2,1,JJ
presbyopic,2,1,0,NN
depict,4,3,3,NN
hover,1,1,5,NN
mouse,3,3,2,NN
cyan,2,1,15,NN
light,2,2,1,NN
virginica,11,5,0,NN
versicolor,14,5,22,NN
ascertain,3,2,6,NN
outlook,81,15,4,NN
temperature,44,13,3,NN
humid,51,14,6,NN
sun,44,13,1,NN
hot,13,5,1,JJ
rain,27,12,1,NN
mild,5,4,3,NN
apparent,8,5,1,NN
digit,1,1,6,NN
truncate,2,2,10,NN
prune,64,11,6,NN
advise,4,3,2,NN
revert,2,2,6,NN
rl,2,1,0,NN
predictedclass,3,2,0,NN
establish,1,1,2,VB
acquire,1,1,3,VB
loyal,2,2,3,NN
causal,2,2,5,NN
supermarket,17,10,0,NN
basket,17,8,2,NN
buy,11,3,1,VB
retail,1,1,3,JJ
personalise,2,2,7,NN
healthcare,1,1,0,NN
hospital,2,2,1,NN
criminal,4,2,2,JJ
baby,3,2,1,NN
embryo,5,2,5,NN
inseminate,4,4,11,NN
converge,9,4,5,NN
denominator,1,1,9,NN
curious,3,3,2,JJ
coincide,10,6,3,NN
datset,1,1,0,NN
confirm,12,8,3,NN
eh,3,3,0,NN
technical,11,5,3,JJ
eleven,2,2,1,RB
medium,9,3,3,NN
soybean,5,3,0,NN
fluctuate,3,2,5,NN
j,6,1,0,NN
f,7,2,0,NN
stats,2,1,11,NNS
oncology,1,1,11,NN
ljubljana,1,1,0,NN
tomography,1,1,10,NN
lymphography,2,1,0,NN
steganography,1,1,0,NN
secton,1,1,0,NN
impose,3,2,3,VB
minnumobj,21,7,0,NN
terminology,3,3,6,NN
deselect,5,3,18,NN
rapid,4,3,2,JJ
trajectory,1,1,7,NN
confidencefactor,5,2,0,NN
smear,1,1,5,NN
crossvalidate,3,1,0,NN
distanceweighting,2,2,0,VBG
meansquared,1,1,0,VBN
nearestneighboursearchalgorithm,1,1,0,NN
skew,2,2,8,NN
minbucketsize,13,3,0,NN
pencil,2,1,4,NN
ingenuity,1,1,8,NN
gradual,6,3,3,JJ
perpendicular,5,4,9,NN
piecewise,4,3,0,NN
hyperplanes,1,1,0,NNS
bisectors,1,1,0,NNS
optimist,3,2,4,NN
illusory,2,1,9,NN
intuition,5,3,6,NN
duplicate,3,3,5,NN
ameliorate,1,1,9,NN
entropy,21,6,9,NN
states,2,2,2,NNS
weak,3,2,2,JJ
sightly,1,1,0,RB
intact,1,1,4,JJ
refuse,2,2,2,NN
menopause,4,2,7,NN
breast,6,3,2,NN
irradiat,2,1,0,NN
faint,1,1,2,NN
bug,3,2,2,NN
crisp,9,2,2,NN
abrupt,3,1,4,NN
transition,5,2,3,NN
checkered,9,2,0,VBN
fuzz,7,2,7,NN
strike,3,3,1,NN
vendor,6,1,4,NN
lm,2,1,0,NN
summate,1,1,11,NN
attributeselection,1,1,0,NN
classorder,1,1,0,NN
plsfilter,1,1,0,NN
valueindices,2,1,0,NNS
act,4,4,1,NN
valueindex,1,1,0,NN
multiresponse,1,1,0,NN
addcluster,7,3,0,NN
id,5,2,5,NN
outputdistribution,2,1,0,NN
numerictransform,1,1,0,NN
stringtonominal,1,1,0,JJ
obfuscate,1,1,12,NN
john,4,1,0,NN
doe,1,1,10,NN
plato,1,1,0,NN
platt,2,1,0,NN
stripe,3,2,4,NN
slug,7,2,6,NN
stddev,18,2,0,NN
schizo,26,5,23,NN
suspicion,2,2,2,NN
telephone,10,2,1,NN
sustain,1,1,3,NN
spike,1,1,4,NN
outputclassification,2,2,0,NN
superimpose,3,2,8,NN
slope,3,1,3,NN
sketch,1,1,4,NN
fish,2,1,1,NN
belgium,2,1,0,NN
duration,1,1,4,NN
attrbutes,1,1,0,NNS
spot,4,2,1,NN
contaminate,1,1,4,NN
anonymized,7,3,0,VBN
clue,2,1,2,NN
york,3,1,0,NN
phonebook,2,1,0,NN
doctor,8,4,1,NN
abur,2,1,0,NN
chowdhury,2,1,0,NN
thelma,3,1,0,NN
arnold,3,1,0,NN
fiasco,1,1,8,NN
wikipedia,2,2,0,NN
aol,1,1,0,NN
leak,1,1,3,NN
incomprehensible,4,4,6,JJ
independence,3,2,3,NN
rudiment,1,1,7,NN
reimplementation,1,1,0,NN
clean,11,8,1,NN
maxim,1,1,7,NN
plague,3,3,4,NN
foundation,1,1,3,NN
recursive,7,5,11,NN
guard,4,4,2,NN
mess,7,7,1,NN
committee,7,3,2,NN
gather,2,2,2,NN
pratfall,5,3,0,NN
anonymize,4,3,0,VB
smug,1,1,7,NN
wise,11,6,2,NN
swipe,1,1,9,NN
credit,8,5,2,NN
card,2,1,1,NN
checkout,4,2,0,NN
email,1,1,2,NN
walk,1,1,1,NN
camera,1,1,2,NN
indirect,1,1,4,NN
bargain,2,1,3,NN
coupon,4,2,6,NN
mail,2,2,2,NN
shop,5,4,1,NN
sell,1,1,1,NN
child,5,4,1,NN
ultimate,12,3,3,JJ
tragic,1,1,4,NN
egg,1,1,1,NN
woman,2,2,1,NN
ovary,1,1,8,JJ
fertile,1,1,3,NN
donor,1,1,4,NN
sperm,1,1,6,NN
implant,1,1,5,NN
womb,1,1,7,NN
birth,4,2,1,NN
embryologic,1,1,17,NN
cousin,1,1,2,NN
acronym,2,2,9,NN
workstation,1,1,0,NN
empower,1,1,5,NN
toy,4,4,2,NN
overcast,29,12,10,NN
discrete,6,3,6,NN
trade,2,2,2,NN
enumerate,3,2,8,NN
seven,3,2,1,CD
physics,1,1,4,NNS
refractive,7,2,14,NN
dirty,4,3,1,NN
sodium,3,1,4,NN
magnesium,4,3,8,NN
silicon,2,1,5,NN
aluminium,1,1,4,NN
sane,1,1,4,NN
lazy,8,6,1,NN
lo,2,2,6,NN
behold,2,2,6,NN
climax,1,1,6,NN
altogether,3,3,2,RB
constrain,5,4,3,NN
barium,1,1,12,NN
book,11,4,1,NN
shelf,1,1,2,NN
ross,4,2,0,NN
quinlan,3,2,0,NN
phd,1,1,0,NN
morph,1,1,12,NN
commerce,1,1,2,NN
synonym,1,1,6,NN
allfilter,1,1,0,NN
invert,1,1,6,NN
attributeindex,1,1,0,NN
iron,1,1,2,NN
judicious,2,2,8,JJ
comprehensibility,1,1,0,NN
recur,1,1,4,NN
necessity,1,1,4,NN
jitter,4,1,9,NN
dark,2,2,1,NN
sepalwidths,1,1,0,NNS
petallengths,1,1,0,NNS
rid,7,5,1,JJ
pronounce,3,2,2,NN
rhyme,1,1,6,NN
mecca,1,1,0,NN
gnu,1,1,18,NN
coffee,1,1,1,NN
greyed,1,1,0,NNS
pregnant,4,3,2,NN
pima,1,1,22,NN
indian,1,1,0,JJ
plasma,1,1,5,NN
glucose,1,1,7,NN
pedigree,2,2,8,NN
strange,4,4,1,NN
upshot,2,2,10,JJ
atrocious,1,1,11,JJ
division,4,2,3,NN
thumb,1,1,4,NN
thousand,3,1,1,NN
quartet,1,1,6,NN
orchestra,2,2,4,NN
jazz,1,1,4,NN
trio,1,1,5,NN
brickface,2,1,0,NN
sky,4,1,1,NN
foliage,3,1,5,NN
cement,2,1,5,NN
grass,2,1,1,NN
intense,4,4,2,NN
saturate,1,1,5,NN
hue,1,1,6,NN
texture,1,1,4,NN
brick,1,1,2,NN
rescaled,1,1,0,VBN
mixture,5,3,3,NN
refine,3,3,4,NN
uniform,1,1,3,NN
elaborate,2,2,3,NN
polyline,1,1,0,NN
polylines,1,1,0,NNS
ah,1,1,0,NN
confine,1,1,3,NN
reinitializes,2,1,0,NNS
occasion,1,1,2,NN
reckon,1,1,2,NN
strength,1,1,2,NN
induct,3,2,6,NN
twig,1,1,10,NN
worthwhile,5,4,5,NN
snip,1,1,8,NN
hark,1,1,9,NN
maximal,1,1,9,NN
incur,1,1,5,NN
interior,4,2,3,NN
raise,7,4,1,NN
subtree,5,2,0,NN
subtreeraising,1,1,0,VBG
illuminate,1,1,4,NN
whammy,1,1,13,NN
cancer,4,2,3,NN
tumour,1,1,4,NN
signficantly,1,1,0,RB
wo,3,3,0,MD
univariate,1,1,13,NN
compound,1,1,3,NN
workhorse,3,3,0,NN
belfast,1,1,0,NN
unite,2,2,2,JJ
accent,2,1,2,NN
irish,1,1,0,JJ
rote,2,1,11,NN
cloud,8,3,2,NN
bisector,3,3,0,NN
euclidean,2,2,15,NN
manhattan,1,1,0,NN
city,2,2,1,NN
gigantic,1,1,6,JJ
accident,3,3,2,NN
ridiculous,1,1,2,JJ
prototype,1,1,5,NN
infinity,3,2,7,NN
VBZ,1,1,k,NN
arbitrary,12,9,5,JJ
rob,1,1,2,NN
holte,1,1,0,NN
circle,6,3,2,NN
laborious,4,4,8,JJ
distract,1,1,4,NN
compromise,2,2,3,NN
lousy,2,2,7,NN
gentle,1,1,1,NN
responsible,1,1,1,JJ
opposite,2,2,2,NN
underline,2,2,5,NN
thomas,1,1,0,NN
century,2,2,2,NN
h,11,2,0,NN
pr,24,1,0,NN
e,16,5,0,NN
posteriori,1,1,0,NN
likelihood,2,1,0,NN
veto,1,1,5,NN
conclude,2,2,3,NN
violate,2,2,3,NN
havoc,1,1,7,NN
consequence,1,1,3,NN
delight,1,1,2,NN
quantify,2,1,5,VB
quest,2,1,5,NN
mooc,1,1,0,NN
founded,1,1,3,VBN
claude,1,1,0,NN
shannon,1,1,0,NN
american,2,2,0,JJ
ride,1,1,1,NN
unicycle,1,1,18,NN
juggle,1,1,6,NN
club,1,1,1,NN
emanate,1,1,6,NN
soundly,1,1,7,RB
hang,1,1,1,NN
instrument,1,1,2,NN
critic,10,4,3,NN
brown,1,1,1,NN
multi,1,1,7,NN
inseparable,4,3,7,JJ
clever,2,2,2,NN
minimal,1,1,4,NN
disadvantage,3,3,4,NN
candidate,3,3,3,NN
intuitive,2,2,6,JJ
justify,2,2,3,NN
complement,1,1,4,NN
expertise,1,1,4,NN
fiddle,3,3,5,NN
resampling,4,3,0,VBG
rip,1,1,2,NN
viriginica,1,1,0,NN
spatial,1,1,4,JJ
blur,3,1,4,NN
discretization,109,23,0,NN
checkerboard,1,1,13,NN
viriginicas,1,1,0,NN
carve,3,1,3,NN
nature,9,9,1,NN
notate,2,2,6,NN
horrendous,2,1,8,JJ
scare,4,2,1,NN
w,2,2,0,NN
neat,2,2,1,NN
zeroth,1,1,0,NN
mechanic,1,1,3,NN
patchwork,2,2,0,NN
patch,1,1,2,NN
applicable,3,2,4,JJ
unsetting,1,1,0,VBG
bucket,1,1,2,NN
definite,9,6,1,NN
laplace,1,1,0,NN
hair,1,1,1,NN
tempt,3,3,2,NN
thresholding,1,1,0,VBG
logit,6,2,0,NN
soft,5,2,1,JJ
maximise,4,4,4,NN
appreciable,3,3,8,JJ
joint,1,1,3,NN
vision,3,3,3,NN
crucial,2,2,3,JJ
vague,1,1,3,NN
merge,1,1,3,NN
hack,1,1,5,NN
painstaking,2,1,7,VBG
employ,2,2,1,NN
muck,1,1,7,NN
bless,1,1,2,NN
onerous,3,3,9,JJ
suspect,3,3,2,NN
danger,5,5,1,NN
stupid,1,1,1,JJ
humiliate,1,1,4,NN
conscious,2,1,2,JJ
significance,25,11,3,NN
intelligent,1,1,4,NN
malfunction,1,1,9,NN
appreciate,3,3,2,NN
embody,2,2,4,NN
hamilton,2,1,0,NN
journey,1,1,2,NN
countryside,1,1,0,NN
paddock,1,1,10,NN
freeze,6,3,1,NN
traffic,1,1,2,NN
town,1,1,1,NN
campus,2,1,4,NN
lake,3,1,1,NN
europe,2,1,0,NN
stringent,1,1,6,NN
disclose,1,1,4,VB
consent,1,1,3,NN
review,6,6,3,NN
transmit,1,1,3,NN
scandinavia,1,1,7,NN
anonymization,2,1,0,NN
massachusetts,1,1,0,NN
govern,3,3,1,NN
assure,1,1,2,NN
health,1,1,1,NN
private,2,2,2,JJ
zip,2,1,5,NN
movie,6,1,1,NN
netflix,1,1,0,NN
remark,2,2,2,NN
incredible,1,1,2,JJ
loan,2,2,2,NN
racial,2,1,3,JJ
gender,3,1,3,NN
man,2,2,1,NN
innocuous,1,1,9,JJ
race,1,1,1,NN
secret,1,1,2,NN
ice,2,1,1,NN
cream,2,1,2,NN
drownings,1,1,0,NNS
drown,1,1,4,NN
warm,1,1,1,NN
beach,1,1,1,NN
alert,2,2,3,NN
stress,2,1,2,NN
consecutive,1,1,5,JJ
exclusive,2,2,3,JJ
entice,1,1,6,NN
expedition,1,1,4,NN
regret,1,1,3,NN
sweep,2,2,2,NN
vlsualize,1,1,0,NN
handy,2,1,2,NN
liable,1,1,3,JJ
former,2,2,3,JJ
stash,1,1,9,NN
adopt,2,2,3,NN
essence,1,1,4,NN
cumbersome,1,1,8,NN
devise,2,2,4,NN
transcend,3,3,5,NN
trap,1,1,2,NN
brave,1,1,2,NN
neural,32,10,7,JJ
project,2,2,2,NN
dave,1,1,0,NN
konig,1,1,0,NN
mand,1,1,0,NN
p√•,1,1,0,NN
en,1,1,0,NN
skude,1,1,0,NN
boat,1,1,1,NN
rasmus,2,1,0,NN
√∏rskov,2,1,0,NN
ashley,1,1,0,NN
hopkins,1,1,0,NNS
covtype,3,3,0,NN
incrementing,1,1,0,VBG
multiplication,1,1,0,NN
cli,10,5,0,NN
geek,2,2,12,NN
rich,2,2,1,JJ
grasp,1,1,3,NN
inherent,3,3,4,NN
intrinsic,1,1,5,JJ
nuanced,1,1,0,JJ
cow,6,2,2,NN
semen,1,1,10,NNS
menstruate,1,1,7,NN
estrous,6,1,17,JJ
tradeoff,14,7,0,NN
surface,1,1,2,NN
nugget,3,2,9,NN
deceptive,1,1,7,NN
transactional,1,1,12,JJ
transact,8,2,3,NN
bread,3,2,1,NN
cake,3,2,1,NN
apriori,23,9,0,NN
consequent,1,1,3,NN
biscuit,5,2,2,NN
food,7,3,1,NN
fruit,2,1,2,NN
assorted,1,1,6,VBN
lowerboundminsupport,3,2,0,NN
vegetable,4,2,2,NN
bake,3,2,2,NN
laundry,1,1,4,NN
dental,1,1,6,NN
prd,1,1,0,NN
margarine,1,1,7,NN
cans,14,1,2,NNS
party,6,1,1,NN
snack,6,1,5,NN
breakfast,4,3,1,NN
prism,21,8,9,NN
classificationviaclustering,6,3,0,VBG
cobweb,9,3,10,NN
simplekmeans,24,6,0,NNS
xmeans,23,5,0,NNS
simpleeducationallearningschemes,3,3,0,NNS
predecessor,2,2,4,NN
dictate,1,1,3,NN
objective,1,1,3,NN
gold,1,1,1,NN
clustering,2,2,0,VBG
distort,1,1,4,NN
ball,1,1,1,NN
earth,1,1,1,NN
suffer,1,1,2,NN
offshore,1,1,0,RB
knot,2,1,4,NN
unforecasted,1,1,0,JJ
gust,1,1,7,NN
lose,3,2,1,VB
conclusion,9,7,3,NN
costsensitiveclassifier,15,5,0,NN
attributeselectionsearchmethods,2,2,0,NNS
primitive,1,1,4,NN
neuron,14,2,6,NN
loose,4,2,2,JJ
axon,1,1,12,NN
organ,1,1,3,NN
appeal,2,2,2,NN
opinion,1,1,2,NN
disarm,2,1,5,NN
multilayer,30,10,0,NN
perceptrons,28,8,0,NNS
multilayerperceptron,8,4,0,NN
votedperceptron,24,3,0,NN
cvparameterselection,12,5,0,NN
thresholdselector,6,4,0,NN
nonsparsetosparse,3,3,0,NN
sparsetononsparse,2,2,0,NN
shade,2,1,2,NN
compete,2,1,3,NN
renaissance,2,2,5,NN
speech,3,1,2,NN
arm,1,1,1,NN
leg,1,1,1,NN
nose,1,1,1,RB
wheel,1,1,1,NN
quantity,3,2,3,NN
heretofore,1,1,14,NN
pay,7,3,1,NN
scant,1,1,6,NN
stimulate,1,1,3,NN
flickr,1,1,0,NN
presence,1,1,3,NN
absence,2,2,3,NN
microsoft,1,1,0,NN
asia,1,1,0,NN
architecture,1,1,3,NN
photograph,2,1,1,NN
dismay,1,1,5,NN
mugshot,1,1,22,NN
uploads,1,1,0,NNS
facebook,2,1,0,NN
tag,1,1,4,NN
facial,2,1,5,JJ
fbi,1,1,0,NN
controversy,3,3,3,NN
federal,1,1,3,JJ
fight,1,1,1,NN
terror,1,1,3,NN
airport,1,1,0,NN
lineup,1,1,0,NN
immigrate,1,1,4,NN
widespread,1,1,0,JJ
profound,1,1,3,NN
civil,1,1,3,JJ
liberty,1,1,3,NN
stalk,1,1,5,NN
vocabulary,2,1,5,JJ
voluminous,1,1,10,JJ
convolutional,1,1,0,NN
gpus,1,1,0,NN
trial,1,1,2,NN
hate,1,1,1,NN
copious,1,1,9,JJ
edition,1,1,3,NN
christopher,1,1,0,NN
pal,1,1,5,NN
amazon,1,1,0,NN
loom,1,1,4,NN
miscellany,1,1,14,NN
family,1,1,1,NN
suck,1,1,2,NN
myope,2,1,24,NN
art,4,3,1,NN
spoil,1,1,2,NN
ripper,8,4,12,NN
ruleset,1,1,0,NN
erroneous,3,1,7,JJ
drug,3,1,1,NN
misclassifies,2,1,0,NNS
prescribe,2,1,4,NN
death,1,1,1,NN
expenditure,1,1,3,NN
medicine,1,1,2,NN
confess,1,1,3,NN
dishonest,1,1,6,NN
advocate,1,1,3,NN
dataminers,1,1,0,NNS
conceal,1,1,4,NN
trace,1,1,2,NN
envisage,1,1,8,NN
seduce,1,1,5,NN
anticipate,1,1,3,NN
overcome,1,1,3,NN
diminish,1,1,4,NN
radical,1,1,3,JJ
adversary,1,1,6,NN
synthetic,1,1,5,JJ
nanny,2,1,2,NN
underperforms,2,1,0,NNS
q,6,3,0,NN
cutoff,8,2,0,NN
capital,1,1,2,NN
inverse,2,1,7,NN
pane,2,1,7,NN
classifer,7,2,0,NN
kstar,2,1,0,NN
multiclassclassifierupdateable,1,1,0,JJ
naivebayesmultinomialupdateable,2,1,0,JJ
aode,1,1,0,NN
aodesr,1,1,0,NN
dmnbtext,1,1,0,NN
nnge,1,1,0,NN
racedincrementallogitboost,1,1,0,NN
spegasos,1,1,0,NN
winnow,1,1,13,NN
woe,2,2,6,NN
moreover,1,1,3,NN
um,1,1,0,NN
kilogram,3,1,4,NN
corn,21,6,4,NN
preach,1,1,4,NN
fp,5,3,0,NN
tp,7,4,0,NN
outputwordcounts,6,3,0,NNS
lowercasetokens,9,5,0,NNS
mintermfreq,3,2,0,NN
snowball,2,2,0,NN
stemmer,2,2,0,NN
wordstokeep,3,2,0,NN
multinomialnaivebayes,2,2,0,NNS
snowballstemmer,2,1,0,NN
grain,8,3,3,NN
measurenumleaves,1,1,0,NNS
measurenumrules,2,2,0,NNS
vacation,1,1,5,NN
denote,4,1,6,NN
makebinary,9,4,0,NN
discretized,13,3,0,VBN
filteredclassifer,1,1,0,NN
republic,4,1,3,NN
democrat,3,1,3,NN
aid,2,2,2,NN
nicaraguan,1,1,0,JJ
contra,1,1,10,NN
decimal,5,3,9,NN
clusterer,4,2,0,NN
acuity,6,1,11,NN
cutoof,2,1,0,NN
deduce,2,2,7,NN
generation,1,1,2,NN
permutate,1,1,11,NN
gainratioattributeeval,6,2,0,NN
maize,3,2,8,NN
sorghum,2,2,13,NN
uphold,1,1,5,JJ
countervailing,1,1,12,VBG
cwt,1,1,0,NN
numtoselect,1,1,0,NN
astonish,3,1,4,JJ
fare,1,1,4,NN
appal,1,1,4,NN
persevere,1,1,7,RB
qualm,2,1,9,NN
misclassifying,5,2,0,VBG
premature,2,2,5,NN
asymmetry,1,1,6,NN
minimizeexpectedcost,7,3,0,NN
wrappersubseteval,8,4,0,NN
bestfirst,8,4,0,NN
exhaust,3,2,2,NN
honest,1,1,1,NN
cfssubseteval,16,3,0,NN
taiwan,1,1,0,NN
wheat,1,1,5,NN
asset,3,2,3,NN
meal,1,1,1,NN
outstanding,1,1,0,JJ
attain,1,1,4,NN
contend,3,1,3,NN
cvparameter,1,1,0,NN
byte,3,1,8,NN
kb,10,1,0,NN
inclusive,1,1,6,JJ
ratio,5,4,3,NN
income,3,1,2,NN
marry,1,1,1,NN
pep,1,1,8,NN
dismiss,2,1,3,NN
hiddenlayers,3,1,0,NNS
reject,6,3,3,NN
lay,3,3,1,NN
definitive,6,3,5,JJ
predetermine,1,1,8,NN
iteratively,6,6,0,RB
reimplemented,1,1,0,VBN
xrff,9,3,0,NN
encode,3,3,6,NN
xml,6,4,0,NN
motive,2,2,3,NN
youtube,1,1,0,NN
star,5,1,1,NN
visualizableerror,1,1,0,NN
qualify,2,1,2,VB
alphabet,1,1,6,NN
db,1,1,0,NN
formidable,1,1,5,JJ
username,1,1,0,NN
jdbc,1,1,0,NN
terminal,1,1,4,NN
teenage,2,1,2,NN
gigabyte,4,1,16,NN
freememory,1,1,0,NN
totalmemory,1,1,0,NN
gb,5,1,0,NN
office,1,1,1,NN
std,2,1,0,NN
elapse,1,1,8,NN
glue,1,1,4,NN
conversely,3,2,5,RB
merit,3,2,4,NN
stretch,1,1,2,NN
exclaim,1,1,4,NN
technicality,1,1,10,NN
ordering,1,1,0,VBG
reutersgrain,1,1,0,NN
token,1,1,5,NN
uppercase,1,1,21,NN
stoplist,5,2,0,NN
chop,1,1,2,NN
scrunch,3,1,11,NN
undiscretized,3,2,0,JJ
shift,1,1,2,NN
pioneer,1,1,4,NN
finite,1,1,6,NN
disaster,1,1,3,NN
sentence,1,1,2,NN
cook,1,1,1,NN
wow,1,1,0,NN
crude,6,1,4,NN
iraq,1,1,0,NN
newline,1,1,0,NN
newlines,1,1,0,NNS
shame,1,1,2,NN
itemset,9,2,0,NN
permute,1,1,0,NN
itemsets,20,2,0,NNS
confident,1,1,3,NN
bullet,1,1,4,NN
convoluted,2,2,9,VBN
tea,1,1,1,NN
razor,1,1,6,NN
blade,1,1,4,NN
garden,3,2,1,NN
spice,1,1,4,NN
petal,2,1,6,NN
recover,1,1,2,NN
hierarchy,2,1,4,NN
dendrogram,1,1,0,NN
kmeans,7,1,0,NNS
creep,1,1,2,NN
clause,7,2,3,NN
conversion,1,1,4,NN
perspicuity,2,1,19,NN
throw,1,1,1,NN
fiend,2,2,9,NN
resize,2,1,0,VB
Œª,2,1,0,NN
Œº,2,1,0,NN
enrich,1,1,4,NN
searchtermination,9,1,0,NN
viable,1,1,4,JJ
plough,1,1,5,NN
abandon,1,1,3,NN
optimum,3,1,7,NN
traverse,3,1,6,NN
valley,3,1,2,NN
classifiersubsetevaluator,1,1,0,NN
greed,1,1,4,NN
wrappersubsetevaluator,1,1,0,NN
resist,1,1,2,NN
symmetry,3,2,5,NN
classifiersubseteval,2,1,0,NN
consistencysubseteval,2,1,0,NN
consistency,2,1,4,NN
understandability,1,1,0,NN
cfssubsetevaluation,2,1,0,NN
bizarre,1,1,4,NN
lightning,3,2,5,VBG
empirical,2,1,4,JJ
asymptote,2,1,0,NN
ridge,2,1,4,NN
numcomponent,1,1,0,NN
designate,2,1,3,NN
tn,1,1,0,NN
fn,1,1,0,NN
thresholdselection,1,1,0,NN
expand,1,1,3,NN
verbose,2,1,15,NN
body,3,1,1,NN
expansion,1,1,3,NN
explode,2,1,4,NN
sector,1,1,3,NN
wild,2,1,1,NN
beast,2,1,4,NN
camus,1,1,0,NN
jimi,1,1,0,NN
hendrix,1,1,0,NN
ponder,1,1,5,NN
relax,1,1,2,NN
stroll,2,1,4,NN
brilliant,1,1,2,NN
conjure,1,1,6,NN
grunge,1,1,11,NN
intelligence,1,1,3,NN
german,1,1,0,JJ
perceive,1,1,3,NN
automaton,1,1,13,NN
rosenblatt,2,1,0,NN
neurodynamics,1,1,0,NNS
sudden,1,1,1,JJ
rebranded,1,1,0,VBN
connectionism,3,1,17,NN
mirror,1,1,2,NN
richard,1,1,0,NN
backpropagation,4,2,0,NN
reminisce,1,1,5,NN
thesis,1,1,4,NN
sigmoid,4,1,15,NN
differentiable,1,1,0,JJ
convex,1,1,10,NN
steep,1,1,4,NN
momentum,5,1,4,NN
wnext,1,1,0,NN
Œ¥w,2,1,0,NN
downhill,1,1,0,NN
uphill,1,1,0,NN
awful,1,1,1,NN
fan,1,1,2,NN
stopwordshandler,1,1,0,NN
rainbow,1,1,5,NN
discretizes,1,1,0,NNS
outrage,1,1,3,NN
spare,1,1,2,NN
strive,2,2,5,NN
ring,1,1,1,NN
bell,1,1,2,NN
seductive,1,1,7,NN
span,1,1,4,NN
